TOTAL LAP,'00:00:41.66
BEST LAP,'00:00:03.08
AVERAGE LAP,'00:00:05.20
LAP,LAP TIME,REC TIME,ST(%),TH(%),RPM,VOLT(V),TMP1(deg C),TMP2(deg C),
L000,'00:00:00.00,'00:00:00.00,-000, 032,00000,000.00,000.0,000.0
,,'00:00:00.01,-000, 084,00000,000.00,000.0,000.0
,,'00:00:00.02,-000, 084,00000,000.00,000.0,000.0
,,'00:00:00.03,-000, 089,00000,000.00,000.0,000.0
,,'00:00:00.04,-000, 092,00000,000.00,000.0,000.0
,,'00:00:00.05,-000, 092,00000,000.00,000.0,000.0
,,'00:00:00.06,-000, 092,00000,000.00,000.0,000.0
,,'00:00:00.07,-000, 092,00000,000.00,000.0,000.0
,,'00:00:00.08,-000, 081,00000,000.00,000.0,000.0
,,'00:00:00.09,-000, 081,00000,000.00,000.0,000.0
,,'00:00:00.10,-000, 074,00000,000.00,000.0,000.0
,,'00:00:00.11,-000, 064,00000,000.00,000.0,000.0
,,'00:00:00.12,-000, 064,00000,000.00,000.0,000.0
,,'00:00:00.13,-000, 064,00000,000.00,000.0,000.0
,,'00:00:00.14,-000, 064,00000,000.00,000.0,000.0
,,'00:00:00.15,-000, 013,00000,000.00,000.0,000.0
,,'00:00:00.16,-000, 011,00000,000.00,000.0,000.0
,,'00:00:00.17,-000, 001,00000,000.00,000.0,000.0
,,'00:00:00.18,-000,-000,00000,000.00,000.0,000.0
,,'00:00:00.19,-000,-000,00000,000.00,000.0,000.0
,,'00:00:00.20,-000,-000,00000,000.00,000.0,000.0
,,'00:00:00.21,-000,-000,00000,000.00,000.0,000.0
,,'00:00:00.22,-000,-000,00000,000.00,000.0,000.0
,,'00:00:00.23,-000,-000,00000,000.00,000.0,000.0
,,'00:00:00.24,-000,-000,00000,000.00,000.0,000.0
,,'00:00:00.25,-000,-000,00000,000.00,000.0,000.0
,,'00:00:00.26,-000,-000,00000,000.00,000.0,000.0
,,'00:00:00.27,-000,-000,00000,000.00,000.0,000.0
,,'00:00:00.28,-000,-000,00000,000.00,000.0,000.0
,,'00:00:00.29,-000,-000,00000,000.00,000.0,000.0
,,'00:00:00.30,-000,-000,00000,000.00,000.0,000.0
,,'00:00:00.31,-000,-000,00000,000.00,000.0,000.0
,,'00:00:00.32,-000,-000,00000,000.00,000.0,000.0
,,'00:00:00.33,-000,-000,00000,000.00,000.0,000.0
,,'00:00:00.34,-000,-000,00000,000.00,000.0,000.0
,,'00:00:00.35,-000,-000,00000,000.00,000.0,000.0
,,'00:00:00.36,-000,-000,00000,000.00,000.0,000.0
,,'00:00:00.37,-000,-000,00000,000.00,000.0,000.0
,,'00:00:00.38,-000,-000,00000,000.00,000.0,000.0
,,'00:00:00.39,-000,-000,00000,000.00,000.0,000.0
,,'00:00:00.40,-000,-000,00000,000.00,000.0,000.0
,,'00:00:00.41,-000,-000,00000,000.00,000.0,000.0
,,'00:00:00.42,-000,-000,00000,000.00,000.0,000.0
,,'00:00:00.43,-000,-000,00000,000.00,000.0,000.0
,,'00:00:00.44,-000,-000,00000,000.00,000.0,000.0
,,'00:00:00.45,-000,-000,00000,000.00,000.0,000.0
,,'00:00:00.46,-000,-000,00000,000.00,000.0,000.0
,,'00:00:00.47,-000,-000,00000,000.00,000.0,000.0
,,'00:00:00.48,-000,-000,00000,000.00,000.0,000.0
,,'00:00:00.49,-000,-000,00000,000.00,000.0,000.0
,,'00:00:00.50,-000,-000,00000,000.00,000.0,000.0
,,'00:00:00.51,-000,-000,00000,000.00,000.0,000.0
,,'00:00:00.52,-000,-000,00000,000.00,000.0,000.0
,,'00:00:00.53,-000,-000,00000,000.00,000.0,000.0
,,'00:00:00.54,-000,-000,00000,000.00,000.0,000.0
,,'00:00:00.55,-000,-000,00000,000.00,000.0,000.0
,,'00:00:00.56,-000,-000,00000,000.00,000.0,000.0
,,'00:00:00.57,-000,-000,00000,000.00,000.0,000.0
,,'00:00:00.58,-000,-000,00000,000.00,000.0,000.0
,,'00:00:00.59,-000,-000,00000,000.00,000.0,000.0
,,'00:00:00.60,-000,-000,00000,000.00,000.0,000.0
,,'00:00:00.61,-000,-000,00000,000.00,000.0,000.0
,,'00:00:00.62,-000,-000,00000,000.00,000.0,000.0
,,'00:00:00.63,-000,-000,00000,000.00,000.0,000.0
,,'00:00:00.64,-000,-000,00000,000.00,000.0,000.0
,,'00:00:00.65,-000,-000,00000,000.00,000.0,000.0
,,'00:00:00.66,-000,-000,00000,000.00,000.0,000.0
,,'00:00:00.67,-000,-000,00000,000.00,000.0,000.0
,,'00:00:00.68,-000,-000,00000,000.00,000.0,000.0
,,'00:00:00.69,-000,-000,00000,000.00,000.0,000.0
,,'00:00:00.70,-000,-000,00000,000.00,000.0,000.0
,,'00:00:00.71,-000,-000,00000,000.00,000.0,000.0
,,'00:00:00.72,-000,-000,00000,000.00,000.0,000.0
,,'00:00:00.73,-000,-000,00000,000.00,000.0,000.0
,,'00:00:00.74,-000,-000,00000,000.00,000.0,000.0
,,'00:00:00.75,-000,-000,00000,000.00,000.0,000.0
,,'00:00:00.76,-000,-000,00000,000.00,000.0,000.0
,,'00:00:00.77,-000,-000,00000,000.00,000.0,000.0
,,'00:00:00.78,-000,-000,00000,000.00,000.0,000.0
,,'00:00:00.79,-000,-000,00000,000.00,000.0,000.0
,,'00:00:00.80,-000,-000,00000,000.00,000.0,000.0
,,'00:00:00.81,-000,-000,00000,000.00,000.0,000.0
,,'00:00:00.82,-000,-000,00000,000.00,000.0,000.0
,,'00:00:00.83,-000,-000,00000,000.00,000.0,000.0
,,'00:00:00.84,-000,-000,00000,000.00,000.0,000.0
,,'00:00:00.85,-000,-000,00000,000.00,000.0,000.0
,,'00:00:00.86,-000,-000,00000,000.00,000.0,000.0
,,'00:00:00.87,-000,-000,00000,000.00,000.0,000.0
,,'00:00:00.88,-000,-000,00000,000.00,000.0,000.0
,,'00:00:00.89,-000,-000,00000,000.00,000.0,000.0
,,'00:00:00.90,-000,-000,00000,000.00,000.0,000.0
,,'00:00:00.91,-000,-000,00000,000.00,000.0,000.0
,,'00:00:00.92,-000,-000,00000,000.00,000.0,000.0
,,'00:00:00.93,-000,-000,00000,000.00,000.0,000.0
,,'00:00:00.94,-000,-000,00000,000.00,000.0,000.0
,,'00:00:00.95,-000,-000,00000,000.00,000.0,000.0
,,'00:00:00.96,-000,-000,00000,000.00,000.0,000.0
,,'00:00:00.97,-000,-000,00000,000.00,000.0,000.0
,,'00:00:00.98,-000,-000,00000,000.00,000.0,000.0
,,'00:00:00.99,-000,-000,00000,000.00,000.0,000.0
,,'00:00:01.00,-000,-000,00000,000.00,000.0,000.0
,,'00:00:01.01,-000,-000,00000,000.00,000.0,000.0
,,'00:00:01.02,-000,-000,00000,000.00,000.0,000.0
,,'00:00:01.03,-000,-000,00000,000.00,000.0,000.0
,,'00:00:01.04,-000,-000,00000,000.00,000.0,000.0
,,'00:00:01.05,-000,-000,00000,000.00,000.0,000.0
,,'00:00:01.06,-000,-000,00000,000.00,000.0,000.0
,,'00:00:01.07,-000,-000,00000,000.00,000.0,000.0
,,'00:00:01.08,-000,-000,00000,000.00,000.0,000.0
,,'00:00:01.09,-000,-000,00000,000.00,000.0,000.0
,,'00:00:01.10,-000,-000,00000,000.00,000.0,000.0
,,'00:00:01.11,-000,-000,00000,000.00,000.0,000.0
,,'00:00:01.12,-000,-000,00000,000.00,000.0,000.0
,,'00:00:01.13,-000,-000,00000,000.00,000.0,000.0
,,'00:00:01.14,-000,-000,00000,000.00,000.0,000.0
,,'00:00:01.15,-000,-000,00000,000.00,000.0,000.0
,,'00:00:01.16,-000,-000,00000,000.00,000.0,000.0
,,'00:00:01.17,-000,-000,00000,000.00,000.0,000.0
,,'00:00:01.18,-000,-000,00000,000.00,000.0,000.0
,,'00:00:01.19,-000,-000,00000,000.00,000.0,000.0
,,'00:00:01.20,-000,-000,00000,000.00,000.0,000.0
,,'00:00:01.21,-000,-000,00000,000.00,000.0,000.0
,,'00:00:01.22,-000,-000,00000,000.00,000.0,000.0
,,'00:00:01.23,-000,-000,00000,000.00,000.0,000.0
,,'00:00:01.24,-000,-000,00000,000.00,000.0,000.0
,,'00:00:01.25,-000,-000,00000,000.00,000.0,000.0
,,'00:00:01.26,-000,-000,00000,000.00,000.0,000.0
,,'00:00:01.27,-000,-000,00000,000.00,000.0,000.0
,,'00:00:01.28,-000,-000,00000,000.00,000.0,000.0
,,'00:00:01.29,-000,-000,00000,000.00,000.0,000.0
,,'00:00:01.30,-000,-000,00000,000.00,000.0,000.0
,,'00:00:01.31,-000,-000,00000,000.00,000.0,000.0
,,'00:00:01.32,-000,-000,00000,000.00,000.0,000.0
,,'00:00:01.33,-000,-000,00000,000.00,000.0,000.0
,,'00:00:01.34,-000,-000,00000,000.00,000.0,000.0
,,'00:00:01.35,-000,-000,00000,000.00,000.0,000.0
,,'00:00:01.36,-000,-000,00000,000.00,000.0,000.0
,,'00:00:01.37,-000,-000,00000,000.00,000.0,000.0
,,'00:00:01.38,-000,-000,00000,000.00,000.0,000.0
,,'00:00:01.39,-000,-000,00000,000.00,000.0,000.0
,,'00:00:01.40,-000,-000,00000,000.00,000.0,000.0
,,'00:00:01.41,-000,-000,00000,000.00,000.0,000.0
,,'00:00:01.42,-000,-000,00000,000.00,000.0,000.0
,,'00:00:01.43,-000,-000,00000,000.00,000.0,000.0
,,'00:00:01.44,-000,-000,00000,000.00,000.0,000.0
,,'00:00:01.45,-000,-000,00000,000.00,000.0,000.0
,,'00:00:01.46,-000,-000,00000,000.00,000.0,000.0
,,'00:00:01.47,-000,-000,00000,000.00,000.0,000.0
,,'00:00:01.48,-000,-000,00000,000.00,000.0,000.0
,,'00:00:01.49,-000,-000,00000,000.00,000.0,000.0
,,'00:00:01.50,-000,-000,00000,000.00,000.0,000.0
,,'00:00:01.51,-000,-000,00000,000.00,000.0,000.0
,,'00:00:01.52,-000,-000,00000,000.00,000.0,000.0
,,'00:00:01.53,-000,-000,00000,000.00,000.0,000.0
,,'00:00:01.54,-000,-000,00000,000.00,000.0,000.0
,,'00:00:01.55,-000,-000,00000,000.00,000.0,000.0
,,'00:00:01.56,-000,-000,00000,000.00,000.0,000.0
,,'00:00:01.57,-000,-000,00000,000.00,000.0,000.0
,,'00:00:01.58,-000,-000,00000,000.00,000.0,000.0
,,'00:00:01.59,-000,-000,00000,000.00,000.0,000.0
,,'00:00:01.60,-000,-000,00000,000.00,000.0,000.0
,,'00:00:01.61,-000,-000,00000,000.00,000.0,000.0
,,'00:00:01.62,-000,-000,00000,000.00,000.0,000.0
,,'00:00:01.63,-000,-000,00000,000.00,000.0,000.0
,,'00:00:01.64,-000,-000,00000,000.00,000.0,000.0
,,'00:00:01.65,-000,-000,00000,000.00,000.0,000.0
,,'00:00:01.66,-000,-000,00000,000.00,000.0,000.0
,,'00:00:01.67,-000,-000,00000,000.00,000.0,000.0
,,'00:00:01.68,-000,-000,00000,000.00,000.0,000.0
,,'00:00:01.69,-000,-000,00000,000.00,000.0,000.0
,,'00:00:01.70,-000,-000,00000,000.00,000.0,000.0
,,'00:00:01.71,-000,-000,00000,000.00,000.0,000.0
,,'00:00:01.72,-000,-000,00000,000.00,000.0,000.0
,,'00:00:01.73,-000,-000,00000,000.00,000.0,000.0
,,'00:00:01.74,-000,-000,00000,000.00,000.0,000.0
,,'00:00:01.75,-000,-000,00000,000.00,000.0,000.0
,,'00:00:01.76,-000,-000,00000,000.00,000.0,000.0
,,'00:00:01.77,-000,-000,00000,000.00,000.0,000.0
,,'00:00:01.78,-000,-000,00000,000.00,000.0,000.0
,,'00:00:01.79,-000,-000,00000,000.00,000.0,000.0
,,'00:00:01.80,-000,-000,00000,000.00,000.0,000.0
,,'00:00:01.81,-000,-000,00000,000.00,000.0,000.0
,,'00:00:01.82,-000,-000,00000,000.00,000.0,000.0
,,'00:00:01.83,-000,-000,00000,000.00,000.0,000.0
,,'00:00:01.84,-000,-000,00000,000.00,000.0,000.0
,,'00:00:01.85,-000,-000,00000,000.00,000.0,000.0
,,'00:00:01.86,-000,-000,00000,000.00,000.0,000.0
,,'00:00:01.87,-000,-000,00000,000.00,000.0,000.0
,,'00:00:01.88,-000,-000,00000,000.00,000.0,000.0
,,'00:00:01.89,-000,-000,00000,000.00,000.0,000.0
,,'00:00:01.90,-000,-000,00000,000.00,000.0,000.0
,,'00:00:01.91,-000,-000,00000,000.00,000.0,000.0
,,'00:00:01.92,-000,-000,00000,000.00,000.0,000.0
,,'00:00:01.93,-000,-000,00000,000.00,000.0,000.0
,,'00:00:01.94,-000,-000,00000,000.00,000.0,000.0
,,'00:00:01.95,-000,-000,00000,000.00,000.0,000.0
,,'00:00:01.96,-000,-000,00000,000.00,000.0,000.0
,,'00:00:01.97,-000,-000,00000,000.00,000.0,000.0
,,'00:00:01.98,-000,-000,00000,000.00,000.0,000.0
,,'00:00:01.99,-000,-000,00000,000.00,000.0,000.0
,,'00:00:02.00,-000,-000,00000,000.00,000.0,000.0
,,'00:00:02.01,-000,-000,00000,000.00,000.0,000.0
,,'00:00:02.02,-000,-000,00000,000.00,000.0,000.0
,,'00:00:02.03,-000,-000,00000,000.00,000.0,000.0
,,'00:00:02.04,-000,-000,00000,000.00,000.0,000.0
,,'00:00:02.05,-000,-000,00000,000.00,000.0,000.0
,,'00:00:02.06,-000,-000,00000,000.00,000.0,000.0
,,'00:00:02.07,-000,-000,00000,000.00,000.0,000.0
,,'00:00:02.08,-000,-000,00000,000.00,000.0,000.0
,,'00:00:02.09,-000,-000,00000,000.00,000.0,000.0
,,'00:00:02.10,-000,-000,00000,000.00,000.0,000.0
,,'00:00:02.11,-000,-000,00000,000.00,000.0,000.0
,,'00:00:02.12,-000,-000,00000,000.00,000.0,000.0
,,'00:00:02.13,-000,-000,00000,000.00,000.0,000.0
,,'00:00:02.14,-000,-000,00000,000.00,000.0,000.0
,,'00:00:02.15,-000,-000,00000,000.00,000.0,000.0
,,'00:00:02.16,-000,-000,00000,000.00,000.0,000.0
,,'00:00:02.17,-000,-000,00000,000.00,000.0,000.0
,,'00:00:02.18,-000,-000,00000,000.00,000.0,000.0
,,'00:00:02.19,-000,-000,00000,000.00,000.0,000.0
,,'00:00:02.20,-000,-000,00000,000.00,000.0,000.0
,,'00:00:02.21,-000,-000,00000,000.00,000.0,000.0
,,'00:00:02.22,-000,-000,00000,000.00,000.0,000.0
,,'00:00:02.23,-000,-000,00000,000.00,000.0,000.0
,,'00:00:02.24,-000,-000,00000,000.00,000.0,000.0
,,'00:00:02.25,-000,-000,00000,000.00,000.0,000.0
,,'00:00:02.26,-000,-000,00000,000.00,000.0,000.0
,,'00:00:02.27,-000,-000,00000,000.00,000.0,000.0
,,'00:00:02.28,-000,-000,00000,000.00,000.0,000.0
,,'00:00:02.29,-000,-000,00000,000.00,000.0,000.0
,,'00:00:02.30,-000,-000,00000,000.00,000.0,000.0
,,'00:00:02.31,-000,-000,00000,000.00,000.0,000.0
,,'00:00:02.32,-000,-000,00000,000.00,000.0,000.0
,,'00:00:02.33,-000,-000,00000,000.00,000.0,000.0
,,'00:00:02.34,-000,-000,00000,000.00,000.0,000.0
,,'00:00:02.35,-000,-000,00000,000.00,000.0,000.0
,,'00:00:02.36,-000,-000,00000,000.00,000.0,000.0
,,'00:00:02.37,-000,-000,00000,000.00,000.0,000.0
,,'00:00:02.38,-000,-000,00000,000.00,000.0,000.0
,,'00:00:02.39,-000,-000,00000,000.00,000.0,000.0
,,'00:00:02.40,-000,-000,00000,000.00,000.0,000.0
,,'00:00:02.41,-000,-000,00000,000.00,000.0,000.0
,,'00:00:02.42,-000,-000,00000,000.00,000.0,000.0
,,'00:00:02.43,-000,-000,00000,000.00,000.0,000.0
,,'00:00:02.44,-000,-000,00000,000.00,000.0,000.0
,,'00:00:02.45,-000,-000,00000,000.00,000.0,000.0
,,'00:00:02.46,-000,-000,00000,000.00,000.0,000.0
,,'00:00:02.47,-000,-000,00000,000.00,000.0,000.0
,,'00:00:02.48,-000,-000,00000,000.00,000.0,000.0
,,'00:00:02.49,-000,-000,00000,000.00,000.0,000.0
,,'00:00:02.50,-000,-000,00000,000.00,000.0,000.0
,,'00:00:02.51,-000,-000,00000,000.00,000.0,000.0
,,'00:00:02.52,-000,-000,00000,000.00,000.0,000.0
,,'00:00:02.53,-000,-000,00000,000.00,000.0,000.0
,,'00:00:02.54,-000,-000,00000,000.00,000.0,000.0
,,'00:00:02.55,-000,-000,00000,000.00,000.0,000.0
,,'00:00:02.56,-000,-000,00000,000.00,000.0,000.0
,,'00:00:02.57,-000,-000,00000,000.00,000.0,000.0
,,'00:00:02.58,-000,-000,00000,000.00,000.0,000.0
,,'00:00:02.59,-000,-000,00000,000.00,000.0,000.0
,,'00:00:02.60,-000,-000,00000,000.00,000.0,000.0
,,'00:00:02.61,-000,-000,00000,000.00,000.0,000.0
,,'00:00:02.62,-000,-000,00000,000.00,000.0,000.0
,,'00:00:02.63,-000,-000,00000,000.00,000.0,000.0
,,'00:00:02.64,-000,-000,00000,000.00,000.0,000.0
,,'00:00:02.65,-000,-000,00000,000.00,000.0,000.0
,,'00:00:02.66,-000,-000,00000,000.00,000.0,000.0
,,'00:00:02.67,-000,-000,00000,000.00,000.0,000.0
,,'00:00:02.68,-000,-000,00000,000.00,000.0,000.0
,,'00:00:02.69,-000,-000,00000,000.00,000.0,000.0
,,'00:00:02.70,-000,-000,00000,000.00,000.0,000.0
,,'00:00:02.71,-000,-000,00000,000.00,000.0,000.0
,,'00:00:02.72,-000,-000,00000,000.00,000.0,000.0
,,'00:00:02.73,-000,-000,00000,000.00,000.0,000.0
,,'00:00:02.74,-000,-000,00000,000.00,000.0,000.0
,,'00:00:02.75,-000,-000,00000,000.00,000.0,000.0
,,'00:00:02.76,-000,-000,00000,000.00,000.0,000.0
,,'00:00:02.77,-000,-000,00000,000.00,000.0,000.0
,,'00:00:02.78,-000,-000,00000,000.00,000.0,000.0
,,'00:00:02.79,-000,-000,00000,000.00,000.0,000.0
,,'00:00:02.80,-000,-000,00000,000.00,000.0,000.0
,,'00:00:02.81,-000,-000,00000,000.00,000.0,000.0
,,'00:00:02.82,-000,-000,00000,000.00,000.0,000.0
,,'00:00:02.83,-000,-000,00000,000.00,000.0,000.0
,,'00:00:02.84,-000,-000,00000,000.00,000.0,000.0
,,'00:00:02.85,-000,-000,00000,000.00,000.0,000.0
,,'00:00:02.86,-000,-000,00000,000.00,000.0,000.0
,,'00:00:02.87,-000,-000,00000,000.00,000.0,000.0
,,'00:00:02.88,-000,-000,00000,000.00,000.0,000.0
,,'00:00:02.89,-000,-000,00000,000.00,000.0,000.0
,,'00:00:02.90,-000,-000,00000,000.00,000.0,000.0
,,'00:00:02.91,-000,-000,00000,000.00,000.0,000.0
,,'00:00:02.92,-000,-000,00000,000.00,000.0,000.0
,,'00:00:02.93,-000,-000,00000,000.00,000.0,000.0
,,'00:00:02.94,-000,-000,00000,000.00,000.0,000.0
,,'00:00:02.95,-000,-000,00000,000.00,000.0,000.0
,,'00:00:02.96,-000,-000,00000,000.00,000.0,000.0
,,'00:00:02.97,-000,-000,00000,000.00,000.0,000.0
,,'00:00:02.98,-000,-000,00000,000.00,000.0,000.0
,,'00:00:02.99,-000,-000,00000,000.00,000.0,000.0
,,'00:00:03.00,-000,-000,00000,000.00,000.0,000.0
,,'00:00:03.01,-000,-000,00000,000.00,000.0,000.0
,,'00:00:03.02,-000,-000,00000,000.00,000.0,000.0
,,'00:00:03.03,-000,-000,00000,000.00,000.0,000.0
,,'00:00:03.04,-000,-000,00000,000.00,000.0,000.0
,,'00:00:03.05,-000,-000,00000,000.00,000.0,000.0
,,'00:00:03.06,-000,-000,00000,000.00,000.0,000.0
,,'00:00:03.07,-000,-000,00000,000.00,000.0,000.0
,,'00:00:03.08,-000,-000,00000,000.00,000.0,000.0
,,'00:00:03.09,-000,-000,00000,000.00,000.0,000.0
,,'00:00:03.10,-000,-000,00000,000.00,000.0,000.0
,,'00:00:03.11,-000,-000,00000,000.00,000.0,000.0
,,'00:00:03.12,-000,-000,00000,000.00,000.0,000.0
,,'00:00:03.13,-000,-000,00000,000.00,000.0,000.0
,,'00:00:03.14,-000,-000,00000,000.00,000.0,000.0
,,'00:00:03.15,-000,-000,00000,000.00,000.0,000.0
,,'00:00:03.16,-000,-000,00000,000.00,000.0,000.0
,,'00:00:03.17,-000,-000,00000,000.00,000.0,000.0
,,'00:00:03.18,-000,-000,00000,000.00,000.0,000.0
,,'00:00:03.19,-000,-000,00000,000.00,000.0,000.0
,,'00:00:03.20,-000,-000,00000,000.00,000.0,000.0
,,'00:00:03.21,-000,-000,00000,000.00,000.0,000.0
,,'00:00:03.22,-000,-000,00000,000.00,000.0,000.0
,,'00:00:03.23,-000,-000,00000,000.00,000.0,000.0
,,'00:00:03.24,-000,-000,00000,000.00,000.0,000.0
,,'00:00:03.25,-000,-000,00000,000.00,000.0,000.0
,,'00:00:03.26,-000,-000,00000,000.00,000.0,000.0
,,'00:00:03.27,-000,-000,00000,000.00,000.0,000.0
,,'00:00:03.28,-000,-000,00000,000.00,000.0,000.0
,,'00:00:03.29,-000,-000,00000,000.00,000.0,000.0
,,'00:00:03.30,-000,-000,00000,000.00,000.0,000.0
,,'00:00:03.31,-000,-000,00000,000.00,000.0,000.0
,,'00:00:03.32,-000,-000,00000,000.00,000.0,000.0
,,'00:00:03.33,-000,-000,00000,000.00,000.0,000.0
,,'00:00:03.34,-000,-000,00000,000.00,000.0,000.0
,,'00:00:03.35,-000,-000,00000,000.00,000.0,000.0
,,'00:00:03.36,-000,-000,00000,000.00,000.0,000.0
,,'00:00:03.37,-000,-000,00000,000.00,000.0,000.0
,,'00:00:03.38,-000,-000,00000,000.00,000.0,000.0
,,'00:00:03.39,-000,-000,00000,000.00,000.0,000.0
,,'00:00:03.40,-000,-000,00000,000.00,000.0,000.0
,,'00:00:03.41,-000,-000,00000,000.00,000.0,000.0
,,'00:00:03.42,-000,-000,00000,000.00,000.0,000.0
,,'00:00:03.43,-000,-000,00000,000.00,000.0,000.0
,,'00:00:03.44,-000,-000,00000,000.00,000.0,000.0
,,'00:00:03.45,-000,-000,00000,000.00,000.0,000.0
,,'00:00:03.46,-000,-000,00000,000.00,000.0,000.0
,,'00:00:03.47,-000,-000,00000,000.00,000.0,000.0
,,'00:00:03.48,-000,-000,00000,000.00,000.0,000.0
,,'00:00:03.49,-000,-000,00000,000.00,000.0,000.0
,,'00:00:03.50,-000,-000,00000,000.00,000.0,000.0
,,'00:00:03.51,-000,-000,00000,000.00,000.0,000.0
,,'00:00:03.52,-000,-000,00000,000.00,000.0,000.0
,,'00:00:03.53,-000,-000,00000,000.00,000.0,000.0
,,'00:00:03.54,-000,-000,00000,000.00,000.0,000.0
,,'00:00:03.55,-000,-000,00000,000.00,000.0,000.0
,,'00:00:03.56,-000,-000,00000,000.00,000.0,000.0
,,'00:00:03.57,-000,-000,00000,000.00,000.0,000.0
,,'00:00:03.58,-000,-000,00000,000.00,000.0,000.0
,,'00:00:03.59,-000,-000,00000,000.00,000.0,000.0
,,'00:00:03.60,-000,-000,00000,000.00,000.0,000.0
,,'00:00:03.61,-000,-000,00000,000.00,000.0,000.0
,,'00:00:03.62,-000,-000,00000,000.00,000.0,000.0
,,'00:00:03.63,-000,-000,00000,000.00,000.0,000.0
,,'00:00:03.64,-000,-000,00000,000.00,000.0,000.0
,,'00:00:03.65,-000,-000,00000,000.00,000.0,000.0
,,'00:00:03.66,-000,-000,00000,000.00,000.0,000.0
,,'00:00:03.67,-000,-000,00000,000.00,000.0,000.0
,,'00:00:03.68,-000,-000,00000,000.00,000.0,000.0
,,'00:00:03.69,-000,-000,00000,000.00,000.0,000.0
,,'00:00:03.70,-000,-000,00000,000.00,000.0,000.0
,,'00:00:03.71,-000,-000,00000,000.00,000.0,000.0
,,'00:00:03.72,-000,-000,00000,000.00,000.0,000.0
,,'00:00:03.73,-000,-000,00000,000.00,000.0,000.0
,,'00:00:03.74,-000,-000,00000,000.00,000.0,000.0
,,'00:00:03.75,-000,-000,00000,000.00,000.0,000.0
,,'00:00:03.76,-000,-000,00000,000.00,000.0,000.0
,,'00:00:03.77,-000,-000,00000,000.00,000.0,000.0
,,'00:00:03.78,-000,-000,00000,000.00,000.0,000.0
,,'00:00:03.79,-000,-000,00000,000.00,000.0,000.0
,,'00:00:03.80,-000,-000,00000,000.00,000.0,000.0
,,'00:00:03.81,-000,-000,00000,000.00,000.0,000.0
,,'00:00:03.82,-000,-000,00000,000.00,000.0,000.0
,,'00:00:03.83,-000,-000,00000,000.00,000.0,000.0
,,'00:00:03.84,-000,-000,00000,000.00,000.0,000.0
,,'00:00:03.85,-000,-000,00000,000.00,000.0,000.0
,,'00:00:03.86,-000,-000,00000,000.00,000.0,000.0
,,'00:00:03.87,-000,-000,00000,000.00,000.0,000.0
,,'00:00:03.88,-000,-000,00000,000.00,000.0,000.0
,,'00:00:03.89,-000,-000,00000,000.00,000.0,000.0
,,'00:00:03.90,-000,-000,00000,000.00,000.0,000.0
,,'00:00:03.91,-000,-000,00000,000.00,000.0,000.0
,,'00:00:03.92,-000,-000,00000,000.00,000.0,000.0
,,'00:00:03.93,-000,-000,00000,000.00,000.0,000.0
,,'00:00:03.94,-000,-000,00000,000.00,000.0,000.0
,,'00:00:03.95,-000,-000,00000,000.00,000.0,000.0
,,'00:00:03.96,-000,-000,00000,000.00,000.0,000.0
,,'00:00:03.97,-000,-000,00000,000.00,000.0,000.0
,,'00:00:03.98,-000,-000,00000,000.00,000.0,000.0
,,'00:00:03.99,-000,-000,00000,000.00,000.0,000.0
,,'00:00:04.00,-000,-000,00000,000.00,000.0,000.0
,,'00:00:04.01,-000,-000,00000,000.00,000.0,000.0
,,'00:00:04.02,-000,-000,00000,000.00,000.0,000.0
,,'00:00:04.03,-000,-000,00000,000.00,000.0,000.0
,,'00:00:04.04,-000,-000,00000,000.00,000.0,000.0
,,'00:00:04.05,-000,-000,00000,000.00,000.0,000.0
,,'00:00:04.06,-000,-000,00000,000.00,000.0,000.0
,,'00:00:04.07,-000,-000,00000,000.00,000.0,000.0
,,'00:00:04.08,-000,-000,00000,000.00,000.0,000.0
,,'00:00:04.09,-000,-000,00000,000.00,000.0,000.0
,,'00:00:04.10,-000,-000,00000,000.00,000.0,000.0
,,'00:00:04.11,-000,-000,00000,000.00,000.0,000.0
,,'00:00:04.12,-000,-000,00000,000.00,000.0,000.0
,,'00:00:04.13,-000,-000,00000,000.00,000.0,000.0
,,'00:00:04.14,-000,-000,00000,000.00,000.0,000.0
,,'00:00:04.15,-000,-000,00000,000.00,000.0,000.0
,,'00:00:04.16,-000,-000,00000,000.00,000.0,000.0
,,'00:00:04.17,-000,-000,00000,000.00,000.0,000.0
,,'00:00:04.18,-000,-000,00000,000.00,000.0,000.0
,,'00:00:04.19,-000,-000,00000,000.00,000.0,000.0
,,'00:00:04.20,-000,-000,00000,000.00,000.0,000.0
,,'00:00:04.21,-000,-000,00000,000.00,000.0,000.0
,,'00:00:04.22,-000,-000,00000,000.00,000.0,000.0
,,'00:00:04.23,-000,-000,00000,000.00,000.0,000.0
,,'00:00:04.24,-000,-000,00000,000.00,000.0,000.0
,,'00:00:04.25,-000,-000,00000,000.00,000.0,000.0
,,'00:00:04.26,-000,-000,00000,000.00,000.0,000.0
,,'00:00:04.27,-000,-000,00000,000.00,000.0,000.0
,,'00:00:04.28,-000,-000,00000,000.00,000.0,000.0
,,'00:00:04.29,-000,-000,00000,000.00,000.0,000.0
,,'00:00:04.30,-000,-000,00000,000.00,000.0,000.0
,,'00:00:04.31,-000,-000,00000,000.00,000.0,000.0
,,'00:00:04.32,-000,-000,00000,000.00,000.0,000.0
,,'00:00:04.33,-000,-000,00000,000.00,000.0,000.0
,,'00:00:04.34,-000,-000,00000,000.00,000.0,000.0
,,'00:00:04.35,-000,-000,00000,000.00,000.0,000.0
,,'00:00:04.36,-000,-000,00000,000.00,000.0,000.0
,,'00:00:04.37,-000,-000,00000,000.00,000.0,000.0
,,'00:00:04.38,-000,-000,00000,000.00,000.0,000.0
,,'00:00:04.39,-000,-000,00000,000.00,000.0,000.0
,,'00:00:04.40,-000,-000,00000,000.00,000.0,000.0
,,'00:00:04.41,-000,-000,00000,000.00,000.0,000.0
,,'00:00:04.42,-000,-000,00000,000.00,000.0,000.0
,,'00:00:04.43,-000,-000,00000,000.00,000.0,000.0
,,'00:00:04.44,-000,-000,00000,000.00,000.0,000.0
,,'00:00:04.45,-000,-000,00000,000.00,000.0,000.0
,,'00:00:04.46,-000,-000,00000,000.00,000.0,000.0
,,'00:00:04.47,-000,-000,00000,000.00,000.0,000.0
,,'00:00:04.48,-000,-000,00000,000.00,000.0,000.0
,,'00:00:04.49,-000,-000,00000,000.00,000.0,000.0
,,'00:00:04.50,-000,-000,00000,000.00,000.0,000.0
,,'00:00:04.51,-000,-000,00000,000.00,000.0,000.0
,,'00:00:04.52,-000,-000,00000,000.00,000.0,000.0
,,'00:00:04.53,-000,-000,00000,000.00,000.0,000.0
,,'00:00:04.54,-000,-000,00000,000.00,000.0,000.0
,,'00:00:04.55,-000,-000,00000,000.00,000.0,000.0
,,'00:00:04.56,-000,-000,00000,000.00,000.0,000.0
,,'00:00:04.57,-000,-000,00000,000.00,000.0,000.0
,,'00:00:04.58,-000,-000,00000,000.00,000.0,000.0
,,'00:00:04.59,-000,-000,00000,000.00,000.0,000.0
,,'00:00:04.60,-000,-000,00000,000.00,000.0,000.0
,,'00:00:04.61,-000,-000,00000,000.00,000.0,000.0
,,'00:00:04.62,-000,-000,00000,000.00,000.0,000.0
,,'00:00:04.63,-000,-000,00000,000.00,000.0,000.0
,,'00:00:04.64,-000,-000,00000,000.00,000.0,000.0
,,'00:00:04.65,-000,-000,00000,000.00,000.0,000.0
,,'00:00:04.66,-000,-000,00000,000.00,000.0,000.0
,,'00:00:04.67,-000,-000,00000,000.00,000.0,000.0
,,'00:00:04.68,-000,-000,00000,000.00,000.0,000.0
,,'00:00:04.69,-000,-000,00000,000.00,000.0,000.0
,,'00:00:04.70,-000,-000,00000,000.00,000.0,000.0
,,'00:00:04.71,-000,-000,00000,000.00,000.0,000.0
,,'00:00:04.72,-000,-000,00000,000.00,000.0,000.0
,,'00:00:04.73,-000,-000,00000,000.00,000.0,000.0
,,'00:00:04.74,-000,-000,00000,000.00,000.0,000.0
,,'00:00:04.75,-000,-000,00000,000.00,000.0,000.0
,,'00:00:04.76,-000,-000,00000,000.00,000.0,000.0
,,'00:00:04.77,-000,-000,00000,000.00,000.0,000.0
,,'00:00:04.78,-000,-000,00000,000.00,000.0,000.0
,,'00:00:04.79,-000,-000,00000,000.00,000.0,000.0
,,'00:00:04.80,-000,-000,00000,000.00,000.0,000.0
,,'00:00:04.81,-000,-000,00000,000.00,000.0,000.0
,,'00:00:04.82,-000,-000,00000,000.00,000.0,000.0
,,'00:00:04.83,-000,-000,00000,000.00,000.0,000.0
,,'00:00:04.84,-000,-000,00000,000.00,000.0,000.0
,,'00:00:04.85,-000,-000,00000,000.00,000.0,000.0
,,'00:00:04.86,-000,-000,00000,000.00,000.0,000.0
,,'00:00:04.87,-000,-000,00000,000.00,000.0,000.0
,,'00:00:04.88,-000,-000,00000,000.00,000.0,000.0
,,'00:00:04.89,-000,-000,00000,000.00,000.0,000.0
,,'00:00:04.90,-000,-000,00000,000.00,000.0,000.0
,,'00:00:04.91,-000,-000,00000,000.00,000.0,000.0
,,'00:00:04.92,-000,-000,00000,000.00,000.0,000.0
,,'00:00:04.93,-000,-000,00000,000.00,000.0,000.0
,,'00:00:04.94,-000,-000,00000,000.00,000.0,000.0
,,'00:00:04.95,-000,-000,00000,000.00,000.0,000.0
,,'00:00:04.96,-000,-000,00000,000.00,000.0,000.0
,,'00:00:04.97,-000,-000,00000,000.00,000.0,000.0
,,'00:00:04.98,-000,-000,00000,000.00,000.0,000.0
,,'00:00:04.99,-000,-000,00000,000.00,000.0,000.0
,,'00:00:05.00,-000,-000,00000,000.00,000.0,000.0
,,'00:00:05.01,-000,-000,00000,000.00,000.0,000.0
,,'00:00:05.02,-000,-000,00000,000.00,000.0,000.0
,,'00:00:05.03,-000,-000,00000,000.00,000.0,000.0
,,'00:00:05.04,-000,-000,00000,000.00,000.0,000.0
,,'00:00:05.05,-000,-000,00000,000.00,000.0,000.0
,,'00:00:05.06,-000,-000,00000,000.00,000.0,000.0
,,'00:00:05.07,-000,-000,00000,000.00,000.0,000.0
,,'00:00:05.08,-000,-000,00000,000.00,000.0,000.0
,,'00:00:05.09,-000,-000,00000,000.00,000.0,000.0
,,'00:00:05.10,-000,-000,00000,000.00,000.0,000.0
,,'00:00:05.11,-000,-000,00000,000.00,000.0,000.0
,,'00:00:05.12,-000,-000,00000,000.00,000.0,000.0
,,'00:00:05.13,-000,-000,00000,000.00,000.0,000.0
,,'00:00:05.14,-000,-000,00000,000.00,000.0,000.0
,,'00:00:05.15,-000,-000,00000,000.00,000.0,000.0
,,'00:00:05.16,-000,-000,00000,000.00,000.0,000.0
,,'00:00:05.17,-000,-000,00000,000.00,000.0,000.0
,,'00:00:05.18,-000,-000,00000,000.00,000.0,000.0
,,'00:00:05.19,-000,-000,00000,000.00,000.0,000.0
,,'00:00:05.20,-000,-000,00000,000.00,000.0,000.0
,,'00:00:05.21,-000,-000,00000,000.00,000.0,000.0
,,'00:00:05.22,-000,-000,00000,000.00,000.0,000.0
,,'00:00:05.23,-000,-000,00000,000.00,000.0,000.0
,,'00:00:05.24,-000,-000,00000,000.00,000.0,000.0
,,'00:00:05.25,-000,-000,00000,000.00,000.0,000.0
,,'00:00:05.26,-000,-000,00000,000.00,000.0,000.0
,,'00:00:05.27,-000,-000,00000,000.00,000.0,000.0
,,'00:00:05.28,-000,-000,00000,000.00,000.0,000.0
,,'00:00:05.29,-000,-000,00000,000.00,000.0,000.0
,,'00:00:05.30,-000,-000,00000,000.00,000.0,000.0
,,'00:00:05.31,-000,-000,00000,000.00,000.0,000.0
,,'00:00:05.32,-000,-000,00000,000.00,000.0,000.0
,,'00:00:05.33,-000,-000,00000,000.00,000.0,000.0
,,'00:00:05.34,-000,-000,00000,000.00,000.0,000.0
,,'00:00:05.35,-000,-000,00000,000.00,000.0,000.0
,,'00:00:05.36,-000,-000,00000,000.00,000.0,000.0
,,'00:00:05.37,-000,-000,00000,000.00,000.0,000.0
,,'00:00:05.38,-000,-000,00000,000.00,000.0,000.0
,,'00:00:05.39,-000,-000,00000,000.00,000.0,000.0
,,'00:00:05.40,-000,-000,00000,000.00,000.0,000.0
,,'00:00:05.41,-000,-000,00000,000.00,000.0,000.0
,,'00:00:05.42,-000,-000,00000,000.00,000.0,000.0
,,'00:00:05.43,-000,-000,00000,000.00,000.0,000.0
,,'00:00:05.44,-000,-000,00000,000.00,000.0,000.0
,,'00:00:05.45,-000,-000,00000,000.00,000.0,000.0
,,'00:00:05.46,-000,-000,00000,000.00,000.0,000.0
,,'00:00:05.47,-000,-000,00000,000.00,000.0,000.0
,,'00:00:05.48,-000,-000,00000,000.00,000.0,000.0
,,'00:00:05.49,-000,-000,00000,000.00,000.0,000.0
,,'00:00:05.50,-000,-000,00000,000.00,000.0,000.0
,,'00:00:05.51,-000,-000,00000,000.00,000.0,000.0
,,'00:00:05.52,-000,-000,00000,000.00,000.0,000.0
,,'00:00:05.53,-000,-000,00000,000.00,000.0,000.0
,,'00:00:05.54,-000,-000,00000,000.00,000.0,000.0
,,'00:00:05.55,-000,-000,00000,000.00,000.0,000.0
,,'00:00:05.56,-000,-000,00000,000.00,000.0,000.0
,,'00:00:05.57,-000,-000,00000,000.00,000.0,000.0
,,'00:00:05.58,-000,-000,00000,000.00,000.0,000.0
,,'00:00:05.59,-000,-000,00000,000.00,000.0,000.0
,,'00:00:05.60,-000,-000,00000,000.00,000.0,000.0
,,'00:00:05.61,-000,-000,00000,000.00,000.0,000.0
,,'00:00:05.62,-000,-000,00000,000.00,000.0,000.0
,,'00:00:05.63,-000,-000,00000,000.00,000.0,000.0
,,'00:00:05.64,-000,-000,00000,000.00,000.0,000.0
,,'00:00:05.65,-000,-000,00000,000.00,000.0,000.0
,,'00:00:05.66,-000,-000,00000,000.00,000.0,000.0
,,'00:00:05.67,-000,-000,00000,000.00,000.0,000.0
,,'00:00:05.68,-000,-000,00000,000.00,000.0,000.0
,,'00:00:05.69,-000,-000,00000,000.00,000.0,000.0
,,'00:00:05.70,-000,-000,00000,000.00,000.0,000.0
,,'00:00:05.71,-000,-000,00000,000.00,000.0,000.0
,,'00:00:05.72,-000,-000,00000,000.00,000.0,000.0
,,'00:00:05.73,-000,-000,00000,000.00,000.0,000.0
,,'00:00:05.74,-000,-000,00000,000.00,000.0,000.0
,,'00:00:05.75,-000,-000,00000,000.00,000.0,000.0
,,'00:00:05.76,-000,-000,00000,000.00,000.0,000.0
,,'00:00:05.77,-000,-000,00000,000.00,000.0,000.0
,,'00:00:05.78,-000,-000,00000,000.00,000.0,000.0
,,'00:00:05.79,-000,-000,00000,000.00,000.0,000.0
,,'00:00:05.80,-000,-000,00000,000.00,000.0,000.0
,,'00:00:05.81,-000,-000,00000,000.00,000.0,000.0
,,'00:00:05.82,-000,-000,00000,000.00,000.0,000.0
,,'00:00:05.83,-000,-000,00000,000.00,000.0,000.0
,,'00:00:05.84,-000,-000,00000,000.00,000.0,000.0
,,'00:00:05.85,-000,-000,00000,000.00,000.0,000.0
,,'00:00:05.86,-000,-000,00000,000.00,000.0,000.0
,,'00:00:05.87,-000,-000,00000,000.00,000.0,000.0
,,'00:00:05.88,-000,-000,00000,000.00,000.0,000.0
,,'00:00:05.89,-000,-000,00000,000.00,000.0,000.0
,,'00:00:05.90,-000,-000,00000,000.00,000.0,000.0
,,'00:00:05.91,-000,-000,00000,000.00,000.0,000.0
,,'00:00:05.92,-000,-000,00000,000.00,000.0,000.0
,,'00:00:05.93,-000,-000,00000,000.00,000.0,000.0
,,'00:00:05.94,-000,-000,00000,000.00,000.0,000.0
,,'00:00:05.95,-000,-000,00000,000.00,000.0,000.0
,,'00:00:05.96,-000,-000,00000,000.00,000.0,000.0
,,'00:00:05.97,-000,-000,00000,000.00,000.0,000.0
,,'00:00:05.98,-000,-000,00000,000.00,000.0,000.0
,,'00:00:05.99,-000,-000,00000,000.00,000.0,000.0
,,'00:00:06.00,-000,-000,00000,000.00,000.0,000.0
,,'00:00:06.01,-000,-000,00000,000.00,000.0,000.0
,,'00:00:06.02,-000,-000,00000,000.00,000.0,000.0
,,'00:00:06.03,-000,-000,00000,000.00,000.0,000.0
,,'00:00:06.04,-000,-000,00000,000.00,000.0,000.0
,,'00:00:06.05,-000,-000,00000,000.00,000.0,000.0
,,'00:00:06.06,-000,-000,00000,000.00,000.0,000.0
,,'00:00:06.07,-000,-000,00000,000.00,000.0,000.0
,,'00:00:06.08,-000,-000,00000,000.00,000.0,000.0
,,'00:00:06.09,-000,-000,00000,000.00,000.0,000.0
,,'00:00:06.10,-000,-000,00000,000.00,000.0,000.0
,,'00:00:06.11,-000,-000,00000,000.00,000.0,000.0
,,'00:00:06.12,-000,-000,00000,000.00,000.0,000.0
,,'00:00:06.13,-000,-000,00000,000.00,000.0,000.0
,,'00:00:06.14,-000,-000,00000,000.00,000.0,000.0
,,'00:00:06.15,-000,-000,00000,000.00,000.0,000.0
,,'00:00:06.16,-000,-000,00000,000.00,000.0,000.0
,,'00:00:06.17,-000,-000,00000,000.00,000.0,000.0
,,'00:00:06.18,-000,-000,00000,000.00,000.0,000.0
,,'00:00:06.19,-000,-000,00000,000.00,000.0,000.0
,,'00:00:06.20,-000,-000,00000,000.00,000.0,000.0
,,'00:00:06.21,-000,-000,00000,000.00,000.0,000.0
,,'00:00:06.22,-000,-000,00000,000.00,000.0,000.0
,,'00:00:06.23,-000,-000,00000,000.00,000.0,000.0
,,'00:00:06.24,-000,-000,00000,000.00,000.0,000.0
,,'00:00:06.25,-000,-000,00000,000.00,000.0,000.0
,,'00:00:06.26,-000,-000,00000,000.00,000.0,000.0
,,'00:00:06.27,-000,-000,00000,000.00,000.0,000.0
,,'00:00:06.28,-000,-000,00000,000.00,000.0,000.0
,,'00:00:06.29,-000,-000,00000,000.00,000.0,000.0
,,'00:00:06.30,-000,-000,00000,000.00,000.0,000.0
,,'00:00:06.31,-000,-000,00000,000.00,000.0,000.0
,,'00:00:06.32,-000,-000,00000,000.00,000.0,000.0
,,'00:00:06.33,-000,-000,00000,000.00,000.0,000.0
,,'00:00:06.34,-000,-000,00000,000.00,000.0,000.0
,,'00:00:06.35,-000,-000,00000,000.00,000.0,000.0
,,'00:00:06.36,-000,-000,00000,000.00,000.0,000.0
,,'00:00:06.37,-000,-000,00000,000.00,000.0,000.0
,,'00:00:06.38,-000,-000,00000,000.00,000.0,000.0
,,'00:00:06.39,-000,-000,00000,000.00,000.0,000.0
,,'00:00:06.40,-000,-000,00000,000.00,000.0,000.0
,,'00:00:06.41,-000,-000,00000,000.00,000.0,000.0
,,'00:00:06.42,-000,-000,00000,000.00,000.0,000.0
,,'00:00:06.43,-000,-000,00000,000.00,000.0,000.0
,,'00:00:06.44,-000,-000,00000,000.00,000.0,000.0
,,'00:00:06.45,-000,-000,00000,000.00,000.0,000.0
,,'00:00:06.46,-000,-000,00000,000.00,000.0,000.0
,,'00:00:06.47,-000,-000,00000,000.00,000.0,000.0
,,'00:00:06.48,-000,-000,00000,000.00,000.0,000.0
,,'00:00:06.49,-000,-000,00000,000.00,000.0,000.0
,,'00:00:06.50,-000,-000,00000,000.00,000.0,000.0
,,'00:00:06.51,-000,-000,00000,000.00,000.0,000.0
,,'00:00:06.52,-000,-000,00000,000.00,000.0,000.0
,,'00:00:06.53,-000,-000,00000,000.00,000.0,000.0
,,'00:00:06.54,-000,-000,00000,000.00,000.0,000.0
,,'00:00:06.55,-000,-000,00000,000.00,000.0,000.0
,,'00:00:06.56,-000,-000,00000,000.00,000.0,000.0
,,'00:00:06.57,-000,-000,00000,000.00,000.0,000.0
,,'00:00:06.58,-000,-000,00000,000.00,000.0,000.0
,,'00:00:06.59,-000,-000,00000,000.00,000.0,000.0
,,'00:00:06.60,-000,-000,00000,000.00,000.0,000.0
,,'00:00:06.61,-000,-000,00000,000.00,000.0,000.0
,,'00:00:06.62,-000,-000,00000,000.00,000.0,000.0
,,'00:00:06.63,-000,-000,00000,000.00,000.0,000.0
,,'00:00:06.64,-000,-000,00000,000.00,000.0,000.0
,,'00:00:06.65,-000,-000,00000,000.00,000.0,000.0
,,'00:00:06.66,-000,-000,00000,000.00,000.0,000.0
,,'00:00:06.67,-000,-000,00000,000.00,000.0,000.0
,,'00:00:06.68,-000,-000,00000,000.00,000.0,000.0
,,'00:00:06.69,-000,-000,00000,000.00,000.0,000.0
,,'00:00:06.70,-000,-000,00000,000.00,000.0,000.0
,,'00:00:06.71,-000,-000,00000,000.00,000.0,000.0
,,'00:00:06.72,-000,-000,00000,000.00,000.0,000.0
,,'00:00:06.73,-000,-000,00000,000.00,000.0,000.0
,,'00:00:06.74,-000,-000,00000,000.00,000.0,000.0
,,'00:00:06.75,-000,-000,00000,000.00,000.0,000.0
,,'00:00:06.76,-000,-000,00000,000.00,000.0,000.0
,,'00:00:06.77,-000,-000,00000,000.00,000.0,000.0
,,'00:00:06.78,-000,-000,00000,000.00,000.0,000.0
,,'00:00:06.79,-000,-000,00000,000.00,000.0,000.0
,,'00:00:06.80,-000,-000,00000,000.00,000.0,000.0
,,'00:00:06.81,-000,-000,00000,000.00,000.0,000.0
,,'00:00:06.82,-000,-000,00000,000.00,000.0,000.0
,,'00:00:06.83,-000,-000,00000,000.00,000.0,000.0
,,'00:00:06.84,-000,-000,00000,000.00,000.0,000.0
,,'00:00:06.85,-000,-000,00000,000.00,000.0,000.0
,,'00:00:06.86,-000,-000,00000,000.00,000.0,000.0
,,'00:00:06.87,-000,-000,00000,000.00,000.0,000.0
,,'00:00:06.88,-000,-000,00000,000.00,000.0,000.0
,,'00:00:06.89,-000,-000,00000,000.00,000.0,000.0
,,'00:00:06.90,-000,-000,00000,000.00,000.0,000.0
,,'00:00:06.91,-000,-000,00000,000.00,000.0,000.0
,,'00:00:06.92,-000,-000,00000,000.00,000.0,000.0
,,'00:00:06.93,-000,-000,00000,000.00,000.0,000.0
,,'00:00:06.94,-000,-000,00000,000.00,000.0,000.0
,,'00:00:06.95,-000,-000,00000,000.00,000.0,000.0
,,'00:00:06.96,-000,-000,00000,000.00,000.0,000.0
,,'00:00:06.97,-000,-000,00000,000.00,000.0,000.0
,,'00:00:06.98,-000,-000,00000,000.00,000.0,000.0
,,'00:00:06.99,-000,-000,00000,000.00,000.0,000.0
,,'00:00:07.00,-000,-000,00000,000.00,000.0,000.0
,,'00:00:07.01,-000,-000,00000,000.00,000.0,000.0
,,'00:00:07.02,-000,-000,00000,000.00,000.0,000.0
,,'00:00:07.03,-000,-000,00000,000.00,000.0,000.0
,,'00:00:07.04,-000,-000,00000,000.00,000.0,000.0
,,'00:00:07.05,-000,-000,00000,000.00,000.0,000.0
,,'00:00:07.06,-000,-000,00000,000.00,000.0,000.0
,,'00:00:07.07,-000,-000,00000,000.00,000.0,000.0
,,'00:00:07.08,-000,-000,00000,000.00,000.0,000.0
,,'00:00:07.09,-000,-000,00000,000.00,000.0,000.0
,,'00:00:07.10,-000,-000,00000,000.00,000.0,000.0
,,'00:00:07.11,-000,-000,00000,000.00,000.0,000.0
,,'00:00:07.12,-000,-000,00000,000.00,000.0,000.0
,,'00:00:07.13,-000,-000,00000,000.00,000.0,000.0
,,'00:00:07.14,-000,-000,00000,000.00,000.0,000.0
,,'00:00:07.15,-000,-000,00000,000.00,000.0,000.0
,,'00:00:07.16,-000,-000,00000,000.00,000.0,000.0
,,'00:00:07.17,-000,-000,00000,000.00,000.0,000.0
,,'00:00:07.18,-000,-000,00000,000.00,000.0,000.0
,,'00:00:07.19,-000,-000,00000,000.00,000.0,000.0
,,'00:00:07.20,-000,-000,00000,000.00,000.0,000.0
,,'00:00:07.21,-000,-000,00000,000.00,000.0,000.0
,,'00:00:07.22,-000,-000,00000,000.00,000.0,000.0
,,'00:00:07.23,-000,-000,00000,000.00,000.0,000.0
,,'00:00:07.24,-000,-000,00000,000.00,000.0,000.0
,,'00:00:07.25,-000,-000,00000,000.00,000.0,000.0
,,'00:00:07.26,-000,-000,00000,000.00,000.0,000.0
,,'00:00:07.27,-000,-000,00000,000.00,000.0,000.0
,,'00:00:07.28,-000,-000,00000,000.00,000.0,000.0
,,'00:00:07.29,-000,-000,00000,000.00,000.0,000.0
,,'00:00:07.30,-000,-000,00000,000.00,000.0,000.0
,,'00:00:07.31,-000,-000,00000,000.00,000.0,000.0
,,'00:00:07.32,-000,-000,00000,000.00,000.0,000.0
,,'00:00:07.33,-000,-000,00000,000.00,000.0,000.0
,,'00:00:07.34,-000,-000,00000,000.00,000.0,000.0
,,'00:00:07.35,-000,-000,00000,000.00,000.0,000.0
,,'00:00:07.36,-000,-000,00000,000.00,000.0,000.0
,,'00:00:07.37,-000,-000,00000,000.00,000.0,000.0
,,'00:00:07.38,-000,-000,00000,000.00,000.0,000.0
,,'00:00:07.39,-000,-000,00000,000.00,000.0,000.0
,,'00:00:07.40,-000,-000,00000,000.00,000.0,000.0
,,'00:00:07.41,-000,-000,00000,000.00,000.0,000.0
,,'00:00:07.42,-000,-000,00000,000.00,000.0,000.0
,,'00:00:07.43,-000,-000,00000,000.00,000.0,000.0
,,'00:00:07.44,-000,-000,00000,000.00,000.0,000.0
,,'00:00:07.45,-000,-000,00000,000.00,000.0,000.0
,,'00:00:07.46,-000,-000,00000,000.00,000.0,000.0
,,'00:00:07.47,-000,-000,00000,000.00,000.0,000.0
,,'00:00:07.48,-000,-000,00000,000.00,000.0,000.0
,,'00:00:07.49,-000,-000,00000,000.00,000.0,000.0
,,'00:00:07.50,-000,-000,00000,000.00,000.0,000.0
,,'00:00:07.51,-000,-000,00000,000.00,000.0,000.0
,,'00:00:07.52,-000,-000,00000,000.00,000.0,000.0
,,'00:00:07.53,-000,-000,00000,000.00,000.0,000.0
,,'00:00:07.54,-000,-000,00000,000.00,000.0,000.0
,,'00:00:07.55,-000,-000,00000,000.00,000.0,000.0
,,'00:00:07.56,-000,-000,00000,000.00,000.0,000.0
,,'00:00:07.57,-000,-000,00000,000.00,000.0,000.0
,,'00:00:07.58,-000,-000,00000,000.00,000.0,000.0
,,'00:00:07.59,-000,-000,00000,000.00,000.0,000.0
,,'00:00:07.60,-000,-000,00000,000.00,000.0,000.0
,,'00:00:07.61,-000,-000,00000,000.00,000.0,000.0
,,'00:00:07.62,-000,-000,00000,000.00,000.0,000.0
,,'00:00:07.63,-000,-000,00000,000.00,000.0,000.0
,,'00:00:07.64,-000,-000,00000,000.00,000.0,000.0
,,'00:00:07.65,-000,-000,00000,000.00,000.0,000.0
,,'00:00:07.66,-000,-000,00000,000.00,000.0,000.0
,,'00:00:07.67,-000,-000,00000,000.00,000.0,000.0
,,'00:00:07.68,-000,-000,00000,000.00,000.0,000.0
,,'00:00:07.69,-000,-000,00000,000.00,000.0,000.0
,,'00:00:07.70,-000,-000,00000,000.00,000.0,000.0
,,'00:00:07.71,-000,-000,00000,000.00,000.0,000.0
,,'00:00:07.72,-000,-000,00000,000.00,000.0,000.0
,,'00:00:07.73,-000,-000,00000,000.00,000.0,000.0
,,'00:00:07.74,-000,-000,00000,000.00,000.0,000.0
,,'00:00:07.75,-000,-000,00000,000.00,000.0,000.0
,,'00:00:07.76,-000,-000,00000,000.00,000.0,000.0
,,'00:00:07.77,-000,-000,00000,000.00,000.0,000.0
,,'00:00:07.78,-000,-000,00000,000.00,000.0,000.0
,,'00:00:07.79,-000,-000,00000,000.00,000.0,000.0
,,'00:00:07.80,-000,-000,00000,000.00,000.0,000.0
,,'00:00:07.81,-000,-000,00000,000.00,000.0,000.0
,,'00:00:07.82,-000,-000,00000,000.00,000.0,000.0
,,'00:00:07.83,-000,-000,00000,000.00,000.0,000.0
,,'00:00:07.84,-000,-000,00000,000.00,000.0,000.0
,,'00:00:07.85,-000,-000,00000,000.00,000.0,000.0
,,'00:00:07.86,-000,-000,00000,000.00,000.0,000.0
,,'00:00:07.87,-000,-000,00000,000.00,000.0,000.0
,,'00:00:07.88,-000,-000,00000,000.00,000.0,000.0
,,'00:00:07.89,-000,-000,00000,000.00,000.0,000.0
,,'00:00:07.90,-000,-000,00000,000.00,000.0,000.0
,,'00:00:07.91,-000,-000,00000,000.00,000.0,000.0
,,'00:00:07.92,-000,-000,00000,000.00,000.0,000.0
,,'00:00:07.93,-000,-000,00000,000.00,000.0,000.0
,,'00:00:07.94,-000,-000,00000,000.00,000.0,000.0
,,'00:00:07.95,-000,-000,00000,000.00,000.0,000.0
,,'00:00:07.96,-000,-000,00000,000.00,000.0,000.0
,,'00:00:07.97,-000,-000,00000,000.00,000.0,000.0
,,'00:00:07.98,-000,-000,00000,000.00,000.0,000.0
,,'00:00:07.99,-000,-000,00000,000.00,000.0,000.0
,,'00:00:08.00,-000,-000,00000,000.00,000.0,000.0
,,'00:00:08.01,-000,-000,00000,000.00,000.0,000.0
,,'00:00:08.02,-000,-000,00000,000.00,000.0,000.0
,,'00:00:08.03,-000,-000,00000,000.00,000.0,000.0
,,'00:00:08.04,-000,-000,00000,000.00,000.0,000.0
,,'00:00:08.05,-000,-000,00000,000.00,000.0,000.0
,,'00:00:08.06,-000,-000,00000,000.00,000.0,000.0
,,'00:00:08.07,-000,-000,00000,000.00,000.0,000.0
,,'00:00:08.08,-000,-000,00000,000.00,000.0,000.0
,,'00:00:08.09,-000,-000,00000,000.00,000.0,000.0
,,'00:00:08.10,-000,-000,00000,000.00,000.0,000.0
,,'00:00:08.11,-000,-000,00000,000.00,000.0,000.0
,,'00:00:08.12,-000,-000,00000,000.00,000.0,000.0
,,'00:00:08.13,-000,-000,00000,000.00,000.0,000.0
,,'00:00:08.14,-000,-000,00000,000.00,000.0,000.0
,,'00:00:08.15,-000,-000,00000,000.00,000.0,000.0
,,'00:00:08.16,-000,-000,00000,000.00,000.0,000.0
,,'00:00:08.17,-000,-000,00000,000.00,000.0,000.0
,,'00:00:08.18,-000,-000,00000,000.00,000.0,000.0
,,'00:00:08.19,-000,-000,00000,000.00,000.0,000.0
,,'00:00:08.20,-000,-000,00000,000.00,000.0,000.0
,,'00:00:08.21,-000,-000,00000,000.00,000.0,000.0
,,'00:00:08.22,-000,-000,00000,000.00,000.0,000.0
,,'00:00:08.23,-000,-000,00000,000.00,000.0,000.0
,,'00:00:08.24,-000,-000,00000,000.00,000.0,000.0
,,'00:00:08.25,-000,-000,00000,000.00,000.0,000.0
,,'00:00:08.26,-000,-000,00000,000.00,000.0,000.0
,,'00:00:08.27,-000,-000,00000,000.00,000.0,000.0
,,'00:00:08.28,-000,-000,00000,000.00,000.0,000.0
,,'00:00:08.29,-000,-000,00000,000.00,000.0,000.0
,,'00:00:08.30,-000,-000,00000,000.00,000.0,000.0
,,'00:00:08.31,-000,-000,00000,000.00,000.0,000.0
,,'00:00:08.32,-000,-000,00000,000.00,000.0,000.0
,,'00:00:08.33,-000,-000,00000,000.00,000.0,000.0
,,'00:00:08.34,-000,-000,00000,000.00,000.0,000.0
,,'00:00:08.35,-000,-000,00000,000.00,000.0,000.0
,,'00:00:08.36,-000,-000,00000,000.00,000.0,000.0
,,'00:00:08.37,-000,-000,00000,000.00,000.0,000.0
,,'00:00:08.38,-000,-000,00000,000.00,000.0,000.0
L001,'00:00:08.39,'00:00:08.39,-000,-000,00000,000.00,000.0,000.0
,,'00:00:08.40,-000,-000,00000,000.00,000.0,000.0
,,'00:00:08.41,-000,-000,00000,000.00,000.0,000.0
,,'00:00:08.42,-000,-000,00000,000.00,000.0,000.0
,,'00:00:08.43,-000,-000,00000,000.00,000.0,000.0
,,'00:00:08.44,-000,-000,00000,000.00,000.0,000.0
,,'00:00:08.45,-000,-000,00000,000.00,000.0,000.0
,,'00:00:08.46,-000,-000,00000,000.00,000.0,000.0
,,'00:00:08.47,-000,-000,00000,000.00,000.0,000.0
,,'00:00:08.48,-000,-000,00000,000.00,000.0,000.0
,,'00:00:08.49,-000,-000,00000,000.00,000.0,000.0
,,'00:00:08.50,-000,-000,00000,000.00,000.0,000.0
,,'00:00:08.51,-000,-000,00000,000.00,000.0,000.0
,,'00:00:08.52,-000,-000,00000,000.00,000.0,000.0
,,'00:00:08.53,-000,-000,00000,000.00,000.0,000.0
,,'00:00:08.54,-000,-000,00000,000.00,000.0,000.0
,,'00:00:08.55,-000,-000,00000,000.00,000.0,000.0
,,'00:00:08.56,-000,-000,00000,000.00,000.0,000.0
,,'00:00:08.57,-000,-000,00000,000.00,000.0,000.0
,,'00:00:08.58,-000,-000,00000,000.00,000.0,000.0
,,'00:00:08.59,-000,-000,00000,000.00,000.0,000.0
,,'00:00:08.60,-000,-000,00000,000.00,000.0,000.0
,,'00:00:08.61,-000,-000,00000,000.00,000.0,000.0
,,'00:00:08.62,-000,-000,00000,000.00,000.0,000.0
,,'00:00:08.63,-000,-000,00000,000.00,000.0,000.0
,,'00:00:08.64,-000,-000,00000,000.00,000.0,000.0
,,'00:00:08.65,-000,-000,00000,000.00,000.0,000.0
,,'00:00:08.66,-000,-000,00000,000.00,000.0,000.0
,,'00:00:08.67,-000,-000,00000,000.00,000.0,000.0
,,'00:00:08.68,-000,-000,00000,000.00,000.0,000.0
,,'00:00:08.69,-000,-000,00000,000.00,000.0,000.0
,,'00:00:08.70,-000,-000,00000,000.00,000.0,000.0
,,'00:00:08.71,-000,-000,00000,000.00,000.0,000.0
,,'00:00:08.72,-000,-000,00000,000.00,000.0,000.0
,,'00:00:08.73,-000,-000,00000,000.00,000.0,000.0
,,'00:00:08.74,-000,-000,00000,000.00,000.0,000.0
,,'00:00:08.75,-000,-000,00000,000.00,000.0,000.0
,,'00:00:08.76,-000,-000,00000,000.00,000.0,000.0
,,'00:00:08.77,-000,-000,00000,000.00,000.0,000.0
,,'00:00:08.78,-000,-000,00000,000.00,000.0,000.0
,,'00:00:08.79,-000,-000,00000,000.00,000.0,000.0
,,'00:00:08.80,-000,-000,00000,000.00,000.0,000.0
,,'00:00:08.81,-000,-000,00000,000.00,000.0,000.0
,,'00:00:08.82,-000,-000,00000,000.00,000.0,000.0
,,'00:00:08.83,-000,-000,00000,000.00,000.0,000.0
,,'00:00:08.84,-000,-000,00000,000.00,000.0,000.0
,,'00:00:08.85,-000,-000,00000,000.00,000.0,000.0
,,'00:00:08.86,-000,-000,00000,000.00,000.0,000.0
,,'00:00:08.87,-000,-000,00000,000.00,000.0,000.0
,,'00:00:08.88,-000,-000,00000,000.00,000.0,000.0
,,'00:00:08.89,-000,-000,00000,000.00,000.0,000.0
,,'00:00:08.90,-000,-000,00000,000.00,000.0,000.0
,,'00:00:08.91,-000,-000,00000,000.00,000.0,000.0
,,'00:00:08.92,-000,-000,00000,000.00,000.0,000.0
,,'00:00:08.93,-000,-000,00000,000.00,000.0,000.0
,,'00:00:08.94,-000,-000,00000,000.00,000.0,000.0
,,'00:00:08.95,-000,-000,00000,000.00,000.0,000.0
,,'00:00:08.96,-000,-000,00000,000.00,000.0,000.0
,,'00:00:08.97,-000,-000,00000,000.00,000.0,000.0
,,'00:00:08.98,-000,-000,00000,000.00,000.0,000.0
,,'00:00:08.99,-000,-000,00000,000.00,000.0,000.0
,,'00:00:09.00,-000,-000,00000,000.00,000.0,000.0
,,'00:00:09.01,-000,-000,00000,000.00,000.0,000.0
,,'00:00:09.02,-000,-000,00000,000.00,000.0,000.0
,,'00:00:09.03,-000,-000,00000,000.00,000.0,000.0
,,'00:00:09.04,-000,-000,00000,000.00,000.0,000.0
,,'00:00:09.05,-000,-000,00000,000.00,000.0,000.0
,,'00:00:09.06,-000,-000,00000,000.00,000.0,000.0
,,'00:00:09.07,-000,-000,00000,000.00,000.0,000.0
,,'00:00:09.08,-000,-000,00000,000.00,000.0,000.0
,,'00:00:09.09,-000,-000,00000,000.00,000.0,000.0
,,'00:00:09.10,-000,-000,00000,000.00,000.0,000.0
,,'00:00:09.11,-000,-000,00000,000.00,000.0,000.0
,,'00:00:09.12,-000,-000,00000,000.00,000.0,000.0
,,'00:00:09.13,-000,-000,00000,000.00,000.0,000.0
,,'00:00:09.14,-000,-000,00000,000.00,000.0,000.0
,,'00:00:09.15,-000,-000,00000,000.00,000.0,000.0
,,'00:00:09.16,-000,-000,00000,000.00,000.0,000.0
,,'00:00:09.17,-000,-000,00000,000.00,000.0,000.0
,,'00:00:09.18,-000,-000,00000,000.00,000.0,000.0
,,'00:00:09.19,-000,-000,00000,000.00,000.0,000.0
,,'00:00:09.20,-000,-000,00000,000.00,000.0,000.0
,,'00:00:09.21,-000,-000,00000,000.00,000.0,000.0
,,'00:00:09.22,-000,-000,00000,000.00,000.0,000.0
,,'00:00:09.23,-000,-000,00000,000.00,000.0,000.0
,,'00:00:09.24,-000,-000,00000,000.00,000.0,000.0
,,'00:00:09.25,-000,-000,00000,000.00,000.0,000.0
,,'00:00:09.26,-000,-000,00000,000.00,000.0,000.0
,,'00:00:09.27,-000,-000,00000,000.00,000.0,000.0
,,'00:00:09.28,-000,-000,00000,000.00,000.0,000.0
,,'00:00:09.29,-000,-000,00000,000.00,000.0,000.0
,,'00:00:09.30,-000,-000,00000,000.00,000.0,000.0
,,'00:00:09.31,-000,-000,00000,000.00,000.0,000.0
,,'00:00:09.32,-000,-000,00000,000.00,000.0,000.0
,,'00:00:09.33,-000,-000,00000,000.00,000.0,000.0
,,'00:00:09.34,-000,-000,00000,000.00,000.0,000.0
,,'00:00:09.35,-000,-000,00000,000.00,000.0,000.0
,,'00:00:09.36,-000,-000,00000,000.00,000.0,000.0
,,'00:00:09.37,-000,-000,00000,000.00,000.0,000.0
,,'00:00:09.38,-000,-000,00000,000.00,000.0,000.0
,,'00:00:09.39,-000,-000,00000,000.00,000.0,000.0
,,'00:00:09.40,-000,-000,00000,000.00,000.0,000.0
,,'00:00:09.41,-000,-000,00000,000.00,000.0,000.0
,,'00:00:09.42,-000,-000,00000,000.00,000.0,000.0
,,'00:00:09.43,-000,-000,00000,000.00,000.0,000.0
,,'00:00:09.44,-000,-000,00000,000.00,000.0,000.0
,,'00:00:09.45,-000,-000,00000,000.00,000.0,000.0
,,'00:00:09.46,-000,-000,00000,000.00,000.0,000.0
,,'00:00:09.47,-000,-000,00000,000.00,000.0,000.0
,,'00:00:09.48,-000,-000,00000,000.00,000.0,000.0
,,'00:00:09.49,-000,-000,00000,000.00,000.0,000.0
,,'00:00:09.50,-000,-000,00000,000.00,000.0,000.0
,,'00:00:09.51,-000,-000,00000,000.00,000.0,000.0
,,'00:00:09.52,-000,-000,00000,000.00,000.0,000.0
,,'00:00:09.53,-000,-000,00000,000.00,000.0,000.0
,,'00:00:09.54,-000,-000,00000,000.00,000.0,000.0
,,'00:00:09.55,-000,-000,00000,000.00,000.0,000.0
,,'00:00:09.56,-000,-000,00000,000.00,000.0,000.0
,,'00:00:09.57,-000,-000,00000,000.00,000.0,000.0
,,'00:00:09.58,-000,-000,00000,000.00,000.0,000.0
,,'00:00:09.59,-000,-000,00000,000.00,000.0,000.0
,,'00:00:09.60,-000,-000,00000,000.00,000.0,000.0
,,'00:00:09.61,-000,-000,00000,000.00,000.0,000.0
,,'00:00:09.62,-000,-000,00000,000.00,000.0,000.0
,,'00:00:09.63,-000,-000,00000,000.00,000.0,000.0
,,'00:00:09.64,-000,-000,00000,000.00,000.0,000.0
,,'00:00:09.65,-000,-000,00000,000.00,000.0,000.0
,,'00:00:09.66,-000,-000,00000,000.00,000.0,000.0
,,'00:00:09.67,-000,-000,00000,000.00,000.0,000.0
,,'00:00:09.68,-000,-000,00000,000.00,000.0,000.0
,,'00:00:09.69,-000,-000,00000,000.00,000.0,000.0
,,'00:00:09.70,-000,-000,00000,000.00,000.0,000.0
,,'00:00:09.71,-000,-000,00000,000.00,000.0,000.0
,,'00:00:09.72,-000,-000,00000,000.00,000.0,000.0
,,'00:00:09.73,-000,-000,00000,000.00,000.0,000.0
,,'00:00:09.74,-000,-000,00000,000.00,000.0,000.0
,,'00:00:09.75,-000,-000,00000,000.00,000.0,000.0
,,'00:00:09.76,-000,-000,00000,000.00,000.0,000.0
,,'00:00:09.77,-000,-000,00000,000.00,000.0,000.0
,,'00:00:09.78,-000,-000,00000,000.00,000.0,000.0
,,'00:00:09.79,-000,-000,00000,000.00,000.0,000.0
,,'00:00:09.80,-000,-000,00000,000.00,000.0,000.0
,,'00:00:09.81,-000,-000,00000,000.00,000.0,000.0
,,'00:00:09.82,-000,-000,00000,000.00,000.0,000.0
,,'00:00:09.83,-000,-000,00000,000.00,000.0,000.0
,,'00:00:09.84,-000,-000,00000,000.00,000.0,000.0
,,'00:00:09.85,-000,-000,00000,000.00,000.0,000.0
,,'00:00:09.86,-000,-000,00000,000.00,000.0,000.0
,,'00:00:09.87,-000,-000,00000,000.00,000.0,000.0
,,'00:00:09.88,-000, 001,00000,000.00,000.0,000.0
,,'00:00:09.89,-000, 009,00000,000.00,000.0,000.0
,,'00:00:09.90,-000, 015,00000,000.00,000.0,000.0
,,'00:00:09.91,-000, 015,00000,000.00,000.0,000.0
,,'00:00:09.92,-000, 015,00000,000.00,000.0,000.0
,,'00:00:09.93,-000, 015,00000,000.00,000.0,000.0
,,'00:00:09.94,-000, 054,00000,000.00,000.0,000.0
,,'00:00:09.95,-000, 055,00000,000.00,000.0,000.0
,,'00:00:09.96,-000, 061,00000,000.00,000.0,000.0
,,'00:00:09.97,-000, 065,00000,000.00,000.0,000.0
,,'00:00:09.98,-000, 065,00000,000.00,000.0,000.0
,,'00:00:09.99,-000, 065,00000,000.00,000.0,000.0
,,'00:00:10.00,-000, 065,00000,000.00,000.0,000.0
,,'00:00:10.01,-000, 099,00000,000.00,000.0,000.0
,,'00:00:10.02,-000, 099,00000,000.00,000.0,000.0
,,'00:00:10.03,-000, 099,00000,000.00,000.0,000.0
,,'00:00:10.04,-000, 099,00000,000.00,000.0,000.0
,,'00:00:10.05,-000, 099,00000,000.00,000.0,000.0
,,'00:00:10.06,-000, 099,00000,000.00,000.0,000.0
,,'00:00:10.07,-000, 099,00000,000.00,000.0,000.0
,,'00:00:10.08,-000, 100,00000,000.00,000.0,000.0
,,'00:00:10.09,-000, 100,00000,000.00,000.0,000.0
,,'00:00:10.10,-000, 100,00000,000.00,000.0,000.0
,,'00:00:10.11,-000, 100,00000,000.00,000.0,000.0
,,'00:00:10.12,-000, 100,00000,000.00,000.0,000.0
,,'00:00:10.13,-000, 100,00000,000.00,000.0,000.0
,,'00:00:10.14,-000, 100,00000,000.00,000.0,000.0
,,'00:00:10.15,-000, 092,00000,000.00,000.0,000.0
,,'00:00:10.16,-000, 092,00000,000.00,000.0,000.0
,,'00:00:10.17,-000, 082,00000,000.00,000.0,000.0
,,'00:00:10.18,-000, 071,00000,000.00,000.0,000.0
,,'00:00:10.19,-000, 071,00000,000.00,000.0,000.0
,,'00:00:10.20,-000, 071,00000,000.00,000.0,000.0
,,'00:00:10.21,-000, 071,00000,000.00,000.0,000.0
,,'00:00:10.22,-000, 017,00000,000.00,000.0,000.0
,,'00:00:10.23,-000, 015,00000,000.00,000.0,000.0
,,'00:00:10.24,-000, 005,00000,000.00,000.0,000.0
,,'00:00:10.25,-000,-000,00000,000.00,000.0,000.0
,,'00:00:10.26,-000,-000,00000,000.00,000.0,000.0
,,'00:00:10.27,-000,-000,00000,000.00,000.0,000.0
,,'00:00:10.28,-000,-000,00000,000.00,000.0,000.0
,,'00:00:10.29,-000,-000,00000,000.00,000.0,000.0
,,'00:00:10.30,-000,-000,00000,000.00,000.0,000.0
,,'00:00:10.31,-000,-000,00000,000.00,000.0,000.0
,,'00:00:10.32,-000,-000,00000,000.00,000.0,000.0
,,'00:00:10.33,-000,-000,00000,000.00,000.0,000.0
,,'00:00:10.34,-000,-000,00000,000.00,000.0,000.0
,,'00:00:10.35,-000,-000,00000,000.00,000.0,000.0
,,'00:00:10.36,-000,-000,00000,000.00,000.0,000.0
,,'00:00:10.37,-000,-000,00000,000.00,000.0,000.0
,,'00:00:10.38,-000,-000,00000,000.00,000.0,000.0
,,'00:00:10.39,-000,-000,00000,000.00,000.0,000.0
,,'00:00:10.40,-000,-000,00000,000.00,000.0,000.0
,,'00:00:10.41,-000,-000,00000,000.00,000.0,000.0
,,'00:00:10.42,-000,-000,00000,000.00,000.0,000.0
,,'00:00:10.43,-000,-000,00000,000.00,000.0,000.0
,,'00:00:10.44,-000,-000,00000,000.00,000.0,000.0
,,'00:00:10.45,-000,-000,00000,000.00,000.0,000.0
,,'00:00:10.46,-000,-000,00000,000.00,000.0,000.0
,,'00:00:10.47,-000,-000,00000,000.00,000.0,000.0
,,'00:00:10.48,-000,-000,00000,000.00,000.0,000.0
,,'00:00:10.49,-000,-000,00000,000.00,000.0,000.0
,,'00:00:10.50,-000,-000,00000,000.00,000.0,000.0
,,'00:00:10.51,-000,-000,00000,000.00,000.0,000.0
,,'00:00:10.52,-000,-000,00000,000.00,000.0,000.0
,,'00:00:10.53,-000,-000,00000,000.00,000.0,000.0
,,'00:00:10.54,-000,-000,00000,000.00,000.0,000.0
,,'00:00:10.55,-000,-000,00000,000.00,000.0,000.0
,,'00:00:10.56,-000,-000,00000,000.00,000.0,000.0
,,'00:00:10.57,-000,-000,00000,000.00,000.0,000.0
,,'00:00:10.58,-000,-000,00000,000.00,000.0,000.0
,,'00:00:10.59,-000,-000,00000,000.00,000.0,000.0
,,'00:00:10.60,-000,-000,00000,000.00,000.0,000.0
,,'00:00:10.61,-000,-000,00000,000.00,000.0,000.0
,,'00:00:10.62,-000,-000,00000,000.00,000.0,000.0
,,'00:00:10.63,-000,-000,00000,000.00,000.0,000.0
,,'00:00:10.64,-000,-000,00000,000.00,000.0,000.0
,,'00:00:10.65,-000,-000,00000,000.00,000.0,000.0
,,'00:00:10.66,-000,-000,00000,000.00,000.0,000.0
,,'00:00:10.67,-000,-000,00000,000.00,000.0,000.0
,,'00:00:10.68,-000,-000,00000,000.00,000.0,000.0
,,'00:00:10.69,-000,-000,00000,000.00,000.0,000.0
,,'00:00:10.70,-000,-000,00000,000.00,000.0,000.0
,,'00:00:10.71,-000,-000,00000,000.00,000.0,000.0
,,'00:00:10.72,-000,-000,00000,000.00,000.0,000.0
,,'00:00:10.73,-000,-000,00000,000.00,000.0,000.0
,,'00:00:10.74,-000,-000,00000,000.00,000.0,000.0
,,'00:00:10.75,-000,-000,00000,000.00,000.0,000.0
,,'00:00:10.76,-000,-000,00000,000.00,000.0,000.0
,,'00:00:10.77,-000,-000,00000,000.00,000.0,000.0
,,'00:00:10.78,-000,-000,00000,000.00,000.0,000.0
,,'00:00:10.79,-000,-000,00000,000.00,000.0,000.0
,,'00:00:10.80,-000,-000,00000,000.00,000.0,000.0
,,'00:00:10.81,-000,-000,00000,000.00,000.0,000.0
,,'00:00:10.82,-000,-000,00000,000.00,000.0,000.0
,,'00:00:10.83,-000,-000,00000,000.00,000.0,000.0
,,'00:00:10.84,-000,-000,00000,000.00,000.0,000.0
,,'00:00:10.85,-000,-000,00000,000.00,000.0,000.0
,,'00:00:10.86,-000,-000,00000,000.00,000.0,000.0
,,'00:00:10.87,-000,-000,00000,000.00,000.0,000.0
,,'00:00:10.88,-000,-000,00000,000.00,000.0,000.0
,,'00:00:10.89,-000,-000,00000,000.00,000.0,000.0
,,'00:00:10.90,-000,-000,00000,000.00,000.0,000.0
,,'00:00:10.91,-000,-000,00000,000.00,000.0,000.0
,,'00:00:10.92,-000,-000,00000,000.00,000.0,000.0
,,'00:00:10.93,-000,-000,00000,000.00,000.0,000.0
,,'00:00:10.94,-000,-000,00000,000.00,000.0,000.0
,,'00:00:10.95,-000,-000,00000,000.00,000.0,000.0
,,'00:00:10.96,-000,-000,00000,000.00,000.0,000.0
,,'00:00:10.97,-000,-000,00000,000.00,000.0,000.0
,,'00:00:10.98,-000,-000,00000,000.00,000.0,000.0
,,'00:00:10.99,-000,-000,00000,000.00,000.0,000.0
,,'00:00:11.00,-000,-000,00000,000.00,000.0,000.0
,,'00:00:11.01,-000,-000,00000,000.00,000.0,000.0
,,'00:00:11.02,-000,-000,00000,000.00,000.0,000.0
,,'00:00:11.03,-000,-000,00000,000.00,000.0,000.0
,,'00:00:11.04,-000,-000,00000,000.00,000.0,000.0
,,'00:00:11.05,-000,-000,00000,000.00,000.0,000.0
,,'00:00:11.06,-000,-000,00000,000.00,000.0,000.0
,,'00:00:11.07,-000,-000,00000,000.00,000.0,000.0
,,'00:00:11.08,-000,-000,00000,000.00,000.0,000.0
,,'00:00:11.09,-000,-000,00000,000.00,000.0,000.0
,,'00:00:11.10,-000,-000,00000,000.00,000.0,000.0
,,'00:00:11.11,-000,-000,00000,000.00,000.0,000.0
,,'00:00:11.12,-000,-000,00000,000.00,000.0,000.0
,,'00:00:11.13,-000,-000,00000,000.00,000.0,000.0
,,'00:00:11.14,-000,-000,00000,000.00,000.0,000.0
,,'00:00:11.15,-000,-000,00000,000.00,000.0,000.0
,,'00:00:11.16,-000,-000,00000,000.00,000.0,000.0
,,'00:00:11.17,-000,-000,00000,000.00,000.0,000.0
,,'00:00:11.18,-000,-000,00000,000.00,000.0,000.0
,,'00:00:11.19,-000,-000,00000,000.00,000.0,000.0
,,'00:00:11.20,-000,-000,00000,000.00,000.0,000.0
,,'00:00:11.21,-000,-000,00000,000.00,000.0,000.0
,,'00:00:11.22,-000,-000,00000,000.00,000.0,000.0
,,'00:00:11.23,-000,-000,00000,000.00,000.0,000.0
,,'00:00:11.24,-000,-000,00000,000.00,000.0,000.0
,,'00:00:11.25,-000,-000,00000,000.00,000.0,000.0
,,'00:00:11.26,-000,-000,00000,000.00,000.0,000.0
,,'00:00:11.27,-000,-000,00000,000.00,000.0,000.0
,,'00:00:11.28,-000,-000,00000,000.00,000.0,000.0
,,'00:00:11.29,-000,-000,00000,000.00,000.0,000.0
,,'00:00:11.30,-000,-000,00000,000.00,000.0,000.0
,,'00:00:11.31,-000,-000,00000,000.00,000.0,000.0
,,'00:00:11.32,-000,-000,00000,000.00,000.0,000.0
,,'00:00:11.33,-000,-000,00000,000.00,000.0,000.0
,,'00:00:11.34,-000,-000,00000,000.00,000.0,000.0
,,'00:00:11.35,-000,-000,00000,000.00,000.0,000.0
,,'00:00:11.36,-000,-000,00000,000.00,000.0,000.0
,,'00:00:11.37,-000,-000,00000,000.00,000.0,000.0
,,'00:00:11.38,-000,-000,00000,000.00,000.0,000.0
,,'00:00:11.39,-000,-000,00000,000.00,000.0,000.0
,,'00:00:11.40,-000,-000,00000,000.00,000.0,000.0
,,'00:00:11.41,-000,-000,00000,000.00,000.0,000.0
,,'00:00:11.42,-000,-000,00000,000.00,000.0,000.0
,,'00:00:11.43,-000,-000,00000,000.00,000.0,000.0
,,'00:00:11.44,-000,-000,00000,000.00,000.0,000.0
,,'00:00:11.45,-000,-000,00000,000.00,000.0,000.0
,,'00:00:11.46,-000,-000,00000,000.00,000.0,000.0
,,'00:00:11.47,-000,-000,00000,000.00,000.0,000.0
,,'00:00:11.48,-000,-000,00000,000.00,000.0,000.0
,,'00:00:11.49,-000,-000,00000,000.00,000.0,000.0
,,'00:00:11.50,-000,-000,00000,000.00,000.0,000.0
,,'00:00:11.51,-000,-000,00000,000.00,000.0,000.0
,,'00:00:11.52,-000,-000,00000,000.00,000.0,000.0
,,'00:00:11.53,-000,-000,00000,000.00,000.0,000.0
,,'00:00:11.54,-000,-000,00000,000.00,000.0,000.0
,,'00:00:11.55,-000,-000,00000,000.00,000.0,000.0
,,'00:00:11.56,-000,-000,00000,000.00,000.0,000.0
,,'00:00:11.57,-000,-000,00000,000.00,000.0,000.0
,,'00:00:11.58,-000,-000,00000,000.00,000.0,000.0
,,'00:00:11.59,-000,-000,00000,000.00,000.0,000.0
,,'00:00:11.60,-000,-000,00000,000.00,000.0,000.0
,,'00:00:11.61,-000,-000,00000,000.00,000.0,000.0
,,'00:00:11.62,-000,-000,00000,000.00,000.0,000.0
,,'00:00:11.63,-000,-000,00000,000.00,000.0,000.0
,,'00:00:11.64,-000,-000,00000,000.00,000.0,000.0
,,'00:00:11.65,-000,-000,00000,000.00,000.0,000.0
,,'00:00:11.66,-000,-000,00000,000.00,000.0,000.0
,,'00:00:11.67,-000,-000,00000,000.00,000.0,000.0
,,'00:00:11.68,-000,-000,00000,000.00,000.0,000.0
,,'00:00:11.69,-000,-000,00000,000.00,000.0,000.0
,,'00:00:11.70,-000,-000,00000,000.00,000.0,000.0
,,'00:00:11.71,-000,-000,00000,000.00,000.0,000.0
,,'00:00:11.72,-000,-000,00000,000.00,000.0,000.0
,,'00:00:11.73,-000,-000,00000,000.00,000.0,000.0
,,'00:00:11.74,-000,-000,00000,000.00,000.0,000.0
,,'00:00:11.75,-000,-000,00000,000.00,000.0,000.0
,,'00:00:11.76,-000,-000,00000,000.00,000.0,000.0
,,'00:00:11.77,-000,-000,00000,000.00,000.0,000.0
,,'00:00:11.78,-000,-000,00000,000.00,000.0,000.0
,,'00:00:11.79,-000,-000,00000,000.00,000.0,000.0
,,'00:00:11.80,-000,-000,00000,000.00,000.0,000.0
,,'00:00:11.81,-000,-000,00000,000.00,000.0,000.0
,,'00:00:11.82,-000,-000,00000,000.00,000.0,000.0
,,'00:00:11.83,-000,-000,00000,000.00,000.0,000.0
,,'00:00:11.84,-000,-000,00000,000.00,000.0,000.0
,,'00:00:11.85,-000,-000,00000,000.00,000.0,000.0
,,'00:00:11.86,-000,-000,00000,000.00,000.0,000.0
,,'00:00:11.87,-000,-000,00000,000.00,000.0,000.0
,,'00:00:11.88,-000,-000,00000,000.00,000.0,000.0
,,'00:00:11.89,-000,-000,00000,000.00,000.0,000.0
,,'00:00:11.90,-000,-000,00000,000.00,000.0,000.0
,,'00:00:11.91,-000,-000,00000,000.00,000.0,000.0
,,'00:00:11.92,-000,-000,00000,000.00,000.0,000.0
,,'00:00:11.93,-000,-000,00000,000.00,000.0,000.0
,,'00:00:11.94,-000,-000,00000,000.00,000.0,000.0
,,'00:00:11.95,-000,-000,00000,000.00,000.0,000.0
,,'00:00:11.96,-000,-000,00000,000.00,000.0,000.0
,,'00:00:11.97,-000,-000,00000,000.00,000.0,000.0
,,'00:00:11.98,-000,-000,00000,000.00,000.0,000.0
,,'00:00:11.99,-000,-000,00000,000.00,000.0,000.0
,,'00:00:12.00,-000,-000,00000,000.00,000.0,000.0
,,'00:00:12.01,-000,-000,00000,000.00,000.0,000.0
,,'00:00:12.02,-000,-000,00000,000.00,000.0,000.0
,,'00:00:12.03,-000,-000,00000,000.00,000.0,000.0
,,'00:00:12.04,-000,-000,00000,000.00,000.0,000.0
,,'00:00:12.05,-000,-000,00000,000.00,000.0,000.0
,,'00:00:12.06,-000,-000,00000,000.00,000.0,000.0
,,'00:00:12.07,-000,-000,00000,000.00,000.0,000.0
,,'00:00:12.08,-000,-000,00000,000.00,000.0,000.0
,,'00:00:12.09,-000,-000,00000,000.00,000.0,000.0
,,'00:00:12.10,-000,-000,00000,000.00,000.0,000.0
,,'00:00:12.11,-000,-000,00000,000.00,000.0,000.0
,,'00:00:12.12,-000,-000,00000,000.00,000.0,000.0
,,'00:00:12.13,-000,-000,00000,000.00,000.0,000.0
,,'00:00:12.14,-000,-000,00000,000.00,000.0,000.0
,,'00:00:12.15,-000,-000,00000,000.00,000.0,000.0
,,'00:00:12.16,-000,-000,00000,000.00,000.0,000.0
,,'00:00:12.17,-000,-000,00000,000.00,000.0,000.0
,,'00:00:12.18,-000,-000,00000,000.00,000.0,000.0
,,'00:00:12.19,-000,-000,00000,000.00,000.0,000.0
,,'00:00:12.20,-000,-000,00000,000.00,000.0,000.0
,,'00:00:12.21,-000,-000,00000,000.00,000.0,000.0
,,'00:00:12.22,-000,-000,00000,000.00,000.0,000.0
,,'00:00:12.23,-000,-000,00000,000.00,000.0,000.0
,,'00:00:12.24,-000,-000,00000,000.00,000.0,000.0
,,'00:00:12.25,-000,-000,00000,000.00,000.0,000.0
,,'00:00:12.26,-000,-000,00000,000.00,000.0,000.0
,,'00:00:12.27,-000,-000,00000,000.00,000.0,000.0
,,'00:00:12.28,-000,-000,00000,000.00,000.0,000.0
,,'00:00:12.29,-000,-000,00000,000.00,000.0,000.0
,,'00:00:12.30,-000,-000,00000,000.00,000.0,000.0
,,'00:00:12.31,-000,-000,00000,000.00,000.0,000.0
,,'00:00:12.32,-000,-000,00000,000.00,000.0,000.0
,,'00:00:12.33,-000,-000,00000,000.00,000.0,000.0
,,'00:00:12.34,-000,-000,00000,000.00,000.0,000.0
,,'00:00:12.35,-000,-000,00000,000.00,000.0,000.0
,,'00:00:12.36,-000,-000,00000,000.00,000.0,000.0
,,'00:00:12.37,-000,-000,00000,000.00,000.0,000.0
,,'00:00:12.38,-000,-000,00000,000.00,000.0,000.0
,,'00:00:12.39,-000,-000,00000,000.00,000.0,000.0
,,'00:00:12.40,-000,-000,00000,000.00,000.0,000.0
,,'00:00:12.41,-000,-000,00000,000.00,000.0,000.0
,,'00:00:12.42,-000,-000,00000,000.00,000.0,000.0
,,'00:00:12.43,-000,-000,00000,000.00,000.0,000.0
,,'00:00:12.44,-000,-000,00000,000.00,000.0,000.0
,,'00:00:12.45,-000,-000,00000,000.00,000.0,000.0
,,'00:00:12.46,-000,-000,00000,000.00,000.0,000.0
,,'00:00:12.47,-000,-000,00000,000.00,000.0,000.0
,,'00:00:12.48,-000,-000,00000,000.00,000.0,000.0
,,'00:00:12.49,-000,-000,00000,000.00,000.0,000.0
,,'00:00:12.50,-000,-000,00000,000.00,000.0,000.0
,,'00:00:12.51,-000,-000,00000,000.00,000.0,000.0
,,'00:00:12.52,-000,-000,00000,000.00,000.0,000.0
,,'00:00:12.53,-000,-000,00000,000.00,000.0,000.0
,,'00:00:12.54,-000,-000,00000,000.00,000.0,000.0
,,'00:00:12.55,-000,-000,00000,000.00,000.0,000.0
,,'00:00:12.56,-000,-000,00000,000.00,000.0,000.0
,,'00:00:12.57,-000,-000,00000,000.00,000.0,000.0
,,'00:00:12.58,-000,-000,00000,000.00,000.0,000.0
,,'00:00:12.59,-000,-000,00000,000.00,000.0,000.0
,,'00:00:12.60,-000,-000,00000,000.00,000.0,000.0
,,'00:00:12.61,-000,-000,00000,000.00,000.0,000.0
,,'00:00:12.62,-000,-000,00000,000.00,000.0,000.0
,,'00:00:12.63,-000,-000,00000,000.00,000.0,000.0
,,'00:00:12.64,-000,-000,00000,000.00,000.0,000.0
,,'00:00:12.65,-000,-000,00000,000.00,000.0,000.0
,,'00:00:12.66,-000,-000,00000,000.00,000.0,000.0
,,'00:00:12.67,-000,-000,00000,000.00,000.0,000.0
,,'00:00:12.68,-000,-000,00000,000.00,000.0,000.0
,,'00:00:12.69,-000,-000,00000,000.00,000.0,000.0
,,'00:00:12.70,-000,-000,00000,000.00,000.0,000.0
,,'00:00:12.71,-000,-000,00000,000.00,000.0,000.0
,,'00:00:12.72,-000,-000,00000,000.00,000.0,000.0
,,'00:00:12.73,-000,-000,00000,000.00,000.0,000.0
,,'00:00:12.74,-000,-000,00000,000.00,000.0,000.0
,,'00:00:12.75,-000,-000,00000,000.00,000.0,000.0
,,'00:00:12.76,-000,-000,00000,000.00,000.0,000.0
,,'00:00:12.77,-000,-000,00000,000.00,000.0,000.0
,,'00:00:12.78,-000,-000,00000,000.00,000.0,000.0
,,'00:00:12.79,-000,-000,00000,000.00,000.0,000.0
,,'00:00:12.80,-000,-000,00000,000.00,000.0,000.0
,,'00:00:12.81,-000,-000,00000,000.00,000.0,000.0
,,'00:00:12.82,-000,-000,00000,000.00,000.0,000.0
,,'00:00:12.83,-000,-000,00000,000.00,000.0,000.0
,,'00:00:12.84,-000,-000,00000,000.00,000.0,000.0
,,'00:00:12.85,-000,-000,00000,000.00,000.0,000.0
,,'00:00:12.86,-000,-000,00000,000.00,000.0,000.0
,,'00:00:12.87,-000,-000,00000,000.00,000.0,000.0
,,'00:00:12.88,-000,-000,00000,000.00,000.0,000.0
,,'00:00:12.89,-000,-000,00000,000.00,000.0,000.0
,,'00:00:12.90,-000,-000,00000,000.00,000.0,000.0
,,'00:00:12.91,-000,-000,00000,000.00,000.0,000.0
,,'00:00:12.92,-000,-000,00000,000.00,000.0,000.0
,,'00:00:12.93,-000,-000,00000,000.00,000.0,000.0
,,'00:00:12.94,-000,-000,00000,000.00,000.0,000.0
,,'00:00:12.95,-000,-000,00000,000.00,000.0,000.0
,,'00:00:12.96,-000,-000,00000,000.00,000.0,000.0
,,'00:00:12.97,-000,-000,00000,000.00,000.0,000.0
,,'00:00:12.98,-000,-000,00000,000.00,000.0,000.0
,,'00:00:12.99,-000,-000,00000,000.00,000.0,000.0
,,'00:00:13.00,-000,-000,00000,000.00,000.0,000.0
,,'00:00:13.01,-000,-000,00000,000.00,000.0,000.0
,,'00:00:13.02,-000,-000,00000,000.00,000.0,000.0
,,'00:00:13.03,-000,-000,00000,000.00,000.0,000.0
,,'00:00:13.04,-000,-000,00000,000.00,000.0,000.0
,,'00:00:13.05,-000,-000,00000,000.00,000.0,000.0
,,'00:00:13.06,-000,-000,00000,000.00,000.0,000.0
,,'00:00:13.07,-000,-000,00000,000.00,000.0,000.0
,,'00:00:13.08,-000,-000,00000,000.00,000.0,000.0
,,'00:00:13.09,-000,-000,00000,000.00,000.0,000.0
,,'00:00:13.10,-000,-000,00000,000.00,000.0,000.0
,,'00:00:13.11,-000,-000,00000,000.00,000.0,000.0
,,'00:00:13.12,-000,-000,00000,000.00,000.0,000.0
,,'00:00:13.13,-000,-000,00000,000.00,000.0,000.0
,,'00:00:13.14,-000,-000,00000,000.00,000.0,000.0
,,'00:00:13.15,-000,-000,00000,000.00,000.0,000.0
,,'00:00:13.16,-000,-000,00000,000.00,000.0,000.0
,,'00:00:13.17,-000,-000,00000,000.00,000.0,000.0
,,'00:00:13.18,-000,-000,00000,000.00,000.0,000.0
,,'00:00:13.19,-000,-000,00000,000.00,000.0,000.0
,,'00:00:13.20,-000,-000,00000,000.00,000.0,000.0
,,'00:00:13.21,-000,-000,00000,000.00,000.0,000.0
,,'00:00:13.22,-000,-000,00000,000.00,000.0,000.0
,,'00:00:13.23,-000,-000,00000,000.00,000.0,000.0
,,'00:00:13.24,-000,-000,00000,000.00,000.0,000.0
,,'00:00:13.25,-000,-000,00000,000.00,000.0,000.0
,,'00:00:13.26,-000,-000,00000,000.00,000.0,000.0
,,'00:00:13.27,-000,-000,00000,000.00,000.0,000.0
,,'00:00:13.28,-000,-000,00000,000.00,000.0,000.0
,,'00:00:13.29,-000,-000,00000,000.00,000.0,000.0
,,'00:00:13.30,-000,-000,00000,000.00,000.0,000.0
,,'00:00:13.31,-000,-000,00000,000.00,000.0,000.0
,,'00:00:13.32,-000,-000,00000,000.00,000.0,000.0
,,'00:00:13.33,-000,-000,00000,000.00,000.0,000.0
,,'00:00:13.34,-000,-000,00000,000.00,000.0,000.0
,,'00:00:13.35,-000,-000,00000,000.00,000.0,000.0
,,'00:00:13.36,-000,-000,00000,000.00,000.0,000.0
,,'00:00:13.37,-000,-000,00000,000.00,000.0,000.0
,,'00:00:13.38,-000,-000,00000,000.00,000.0,000.0
,,'00:00:13.39,-000,-000,00000,000.00,000.0,000.0
,,'00:00:13.40,-000,-000,00000,000.00,000.0,000.0
,,'00:00:13.41,-000,-000,00000,000.00,000.0,000.0
,,'00:00:13.42,-000,-000,00000,000.00,000.0,000.0
,,'00:00:13.43,-000,-000,00000,000.00,000.0,000.0
,,'00:00:13.44,-000,-000,00000,000.00,000.0,000.0
,,'00:00:13.45,-000,-000,00000,000.00,000.0,000.0
,,'00:00:13.46,-000,-000,00000,000.00,000.0,000.0
,,'00:00:13.47,-000,-000,00000,000.00,000.0,000.0
,,'00:00:13.48,-000,-000,00000,000.00,000.0,000.0
,,'00:00:13.49,-000,-000,00000,000.00,000.0,000.0
,,'00:00:13.50,-000,-000,00000,000.00,000.0,000.0
,,'00:00:13.51,-000,-000,00000,000.00,000.0,000.0
,,'00:00:13.52,-000,-000,00000,000.00,000.0,000.0
,,'00:00:13.53,-000,-000,00000,000.00,000.0,000.0
,,'00:00:13.54,-000,-000,00000,000.00,000.0,000.0
,,'00:00:13.55,-000,-000,00000,000.00,000.0,000.0
,,'00:00:13.56,-000,-000,00000,000.00,000.0,000.0
,,'00:00:13.57,-000,-000,00000,000.00,000.0,000.0
,,'00:00:13.58,-000,-000,00000,000.00,000.0,000.0
,,'00:00:13.59,-000,-000,00000,000.00,000.0,000.0
,,'00:00:13.60,-000,-000,00000,000.00,000.0,000.0
,,'00:00:13.61,-000,-000,00000,000.00,000.0,000.0
,,'00:00:13.62,-000,-000,00000,000.00,000.0,000.0
,,'00:00:13.63,-000,-000,00000,000.00,000.0,000.0
,,'00:00:13.64,-000,-000,00000,000.00,000.0,000.0
,,'00:00:13.65,-000,-000,00000,000.00,000.0,000.0
,,'00:00:13.66,-000,-000,00000,000.00,000.0,000.0
,,'00:00:13.67,-000,-000,00000,000.00,000.0,000.0
,,'00:00:13.68,-000,-000,00000,000.00,000.0,000.0
,,'00:00:13.69,-000,-000,00000,000.00,000.0,000.0
,,'00:00:13.70,-000,-000,00000,000.00,000.0,000.0
,,'00:00:13.71,-000,-000,00000,000.00,000.0,000.0
,,'00:00:13.72,-000,-000,00000,000.00,000.0,000.0
,,'00:00:13.73,-000,-000,00000,000.00,000.0,000.0
,,'00:00:13.74,-000,-000,00000,000.00,000.0,000.0
,,'00:00:13.75,-000,-000,00000,000.00,000.0,000.0
,,'00:00:13.76,-000,-000,00000,000.00,000.0,000.0
,,'00:00:13.77,-000,-000,00000,000.00,000.0,000.0
,,'00:00:13.78,-000,-000,00000,000.00,000.0,000.0
,,'00:00:13.79,-000,-000,00000,000.00,000.0,000.0
,,'00:00:13.80,-000,-000,00000,000.00,000.0,000.0
,,'00:00:13.81,-000,-000,00000,000.00,000.0,000.0
,,'00:00:13.82,-000,-000,00000,000.00,000.0,000.0
,,'00:00:13.83,-000,-000,00000,000.00,000.0,000.0
,,'00:00:13.84,-000,-000,00000,000.00,000.0,000.0
,,'00:00:13.85,-000,-000,00000,000.00,000.0,000.0
,,'00:00:13.86,-000,-000,00000,000.00,000.0,000.0
,,'00:00:13.87,-000,-000,00000,000.00,000.0,000.0
,,'00:00:13.88,-000,-000,00000,000.00,000.0,000.0
,,'00:00:13.89,-000,-000,00000,000.00,000.0,000.0
,,'00:00:13.90,-000,-000,00000,000.00,000.0,000.0
,,'00:00:13.91,-000,-000,00000,000.00,000.0,000.0
,,'00:00:13.92,-000,-000,00000,000.00,000.0,000.0
,,'00:00:13.93,-000,-000,00000,000.00,000.0,000.0
,,'00:00:13.94,-000,-000,00000,000.00,000.0,000.0
,,'00:00:13.95,-000,-000,00000,000.00,000.0,000.0
,,'00:00:13.96,-000,-000,00000,000.00,000.0,000.0
,,'00:00:13.97,-000,-000,00000,000.00,000.0,000.0
,,'00:00:13.98,-000,-000,00000,000.00,000.0,000.0
,,'00:00:13.99,-000,-000,00000,000.00,000.0,000.0
,,'00:00:14.00,-000,-000,00000,000.00,000.0,000.0
,,'00:00:14.01,-000,-000,00000,000.00,000.0,000.0
,,'00:00:14.02,-000,-000,00000,000.00,000.0,000.0
,,'00:00:14.03,-000,-000,00000,000.00,000.0,000.0
,,'00:00:14.04,-000,-000,00000,000.00,000.0,000.0
,,'00:00:14.05,-000,-000,00000,000.00,000.0,000.0
,,'00:00:14.06,-000,-000,00000,000.00,000.0,000.0
,,'00:00:14.07,-000,-000,00000,000.00,000.0,000.0
,,'00:00:14.08,-000,-000,00000,000.00,000.0,000.0
,,'00:00:14.09,-000,-000,00000,000.00,000.0,000.0
,,'00:00:14.10,-000,-000,00000,000.00,000.0,000.0
,,'00:00:14.11,-000,-000,00000,000.00,000.0,000.0
,,'00:00:14.12,-000,-000,00000,000.00,000.0,000.0
,,'00:00:14.13,-000,-000,00000,000.00,000.0,000.0
,,'00:00:14.14,-000,-000,00000,000.00,000.0,000.0
,,'00:00:14.15,-000,-000,00000,000.00,000.0,000.0
,,'00:00:14.16,-000,-000,00000,000.00,000.0,000.0
,,'00:00:14.17,-000,-000,00000,000.00,000.0,000.0
,,'00:00:14.18,-000,-000,00000,000.00,000.0,000.0
,,'00:00:14.19,-000,-000,00000,000.00,000.0,000.0
,,'00:00:14.20,-000,-000,00000,000.00,000.0,000.0
,,'00:00:14.21,-000,-000,00000,000.00,000.0,000.0
,,'00:00:14.22,-000,-000,00000,000.00,000.0,000.0
,,'00:00:14.23,-000,-000,00000,000.00,000.0,000.0
,,'00:00:14.24,-000,-000,00000,000.00,000.0,000.0
,,'00:00:14.25,-000,-000,00000,000.00,000.0,000.0
,,'00:00:14.26,-000,-000,00000,000.00,000.0,000.0
,,'00:00:14.27,-000,-000,00000,000.00,000.0,000.0
,,'00:00:14.28,-000,-000,00000,000.00,000.0,000.0
,,'00:00:14.29,-000,-000,00000,000.00,000.0,000.0
,,'00:00:14.30,-000,-000,00000,000.00,000.0,000.0
,,'00:00:14.31,-000,-000,00000,000.00,000.0,000.0
,,'00:00:14.32,-000,-000,00000,000.00,000.0,000.0
,,'00:00:14.33,-000,-000,00000,000.00,000.0,000.0
,,'00:00:14.34,-000,-000,00000,000.00,000.0,000.0
,,'00:00:14.35,-000,-000,00000,000.00,000.0,000.0
,,'00:00:14.36,-000,-000,00000,000.00,000.0,000.0
,,'00:00:14.37,-000,-000,00000,000.00,000.0,000.0
,,'00:00:14.38,-000,-000,00000,000.00,000.0,000.0
,,'00:00:14.39,-000,-000,00000,000.00,000.0,000.0
,,'00:00:14.40,-000,-000,00000,000.00,000.0,000.0
,,'00:00:14.41,-000,-000,00000,000.00,000.0,000.0
,,'00:00:14.42,-000,-000,00000,000.00,000.0,000.0
,,'00:00:14.43,-000,-000,00000,000.00,000.0,000.0
,,'00:00:14.44,-000,-000,00000,000.00,000.0,000.0
,,'00:00:14.45,-000,-000,00000,000.00,000.0,000.0
,,'00:00:14.46,-000,-000,00000,000.00,000.0,000.0
,,'00:00:14.47,-000,-000,00000,000.00,000.0,000.0
,,'00:00:14.48,-000,-000,00000,000.00,000.0,000.0
,,'00:00:14.49,-000,-000,00000,000.00,000.0,000.0
,,'00:00:14.50,-000,-000,00000,000.00,000.0,000.0
,,'00:00:14.51,-000,-000,00000,000.00,000.0,000.0
,,'00:00:14.52,-000,-000,00000,000.00,000.0,000.0
,,'00:00:14.53,-000,-000,00000,000.00,000.0,000.0
,,'00:00:14.54,-000,-000,00000,000.00,000.0,000.0
,,'00:00:14.55,-000,-000,00000,000.00,000.0,000.0
,,'00:00:14.56,-000,-000,00000,000.00,000.0,000.0
,,'00:00:14.57,-000,-000,00000,000.00,000.0,000.0
,,'00:00:14.58,-000,-000,00000,000.00,000.0,000.0
,,'00:00:14.59,-000,-000,00000,000.00,000.0,000.0
,,'00:00:14.60,-000,-000,00000,000.00,000.0,000.0
,,'00:00:14.61,-000,-000,00000,000.00,000.0,000.0
,,'00:00:14.62,-000,-000,00000,000.00,000.0,000.0
,,'00:00:14.63,-000,-000,00000,000.00,000.0,000.0
,,'00:00:14.64,-000,-000,00000,000.00,000.0,000.0
,,'00:00:14.65,-000,-000,00000,000.00,000.0,000.0
,,'00:00:14.66,-000,-000,00000,000.00,000.0,000.0
,,'00:00:14.67,-000,-000,00000,000.00,000.0,000.0
,,'00:00:14.68,-000,-000,00000,000.00,000.0,000.0
,,'00:00:14.69,-000,-000,00000,000.00,000.0,000.0
,,'00:00:14.70,-000,-000,00000,000.00,000.0,000.0
,,'00:00:14.71,-000,-000,00000,000.00,000.0,000.0
,,'00:00:14.72,-000,-000,00000,000.00,000.0,000.0
,,'00:00:14.73,-000,-000,00000,000.00,000.0,000.0
,,'00:00:14.74,-000,-000,00000,000.00,000.0,000.0
,,'00:00:14.75,-000,-000,00000,000.00,000.0,000.0
,,'00:00:14.76,-000,-000,00000,000.00,000.0,000.0
,,'00:00:14.77,-000,-000,00000,000.00,000.0,000.0
,,'00:00:14.78,-000,-000,00000,000.00,000.0,000.0
,,'00:00:14.79,-000,-000,00000,000.00,000.0,000.0
,,'00:00:14.80,-000,-000,00000,000.00,000.0,000.0
,,'00:00:14.81,-000,-000,00000,000.00,000.0,000.0
,,'00:00:14.82,-000,-000,00000,000.00,000.0,000.0
,,'00:00:14.83,-000,-000,00000,000.00,000.0,000.0
,,'00:00:14.84,-000,-000,00000,000.00,000.0,000.0
,,'00:00:14.85,-000,-000,00000,000.00,000.0,000.0
,,'00:00:14.86,-000,-000,00000,000.00,000.0,000.0
,,'00:00:14.87,-000,-000,00000,000.00,000.0,000.0
,,'00:00:14.88,-000,-000,00000,000.00,000.0,000.0
,,'00:00:14.89,-000,-000,00000,000.00,000.0,000.0
,,'00:00:14.90,-000,-000,00000,000.00,000.0,000.0
,,'00:00:14.91,-000,-000,00000,000.00,000.0,000.0
,,'00:00:14.92,-000,-000,00000,000.00,000.0,000.0
,,'00:00:14.93,-000,-000,00000,000.00,000.0,000.0
,,'00:00:14.94,-000,-000,00000,000.00,000.0,000.0
,,'00:00:14.95,-000,-000,00000,000.00,000.0,000.0
,,'00:00:14.96,-000,-000,00000,000.00,000.0,000.0
,,'00:00:14.97,-000,-000,00000,000.00,000.0,000.0
,,'00:00:14.98,-000,-000,00000,000.00,000.0,000.0
,,'00:00:14.99,-000,-000,00000,000.00,000.0,000.0
,,'00:00:15.00,-000,-000,00000,000.00,000.0,000.0
,,'00:00:15.01,-000,-000,00000,000.00,000.0,000.0
,,'00:00:15.02,-000,-000,00000,000.00,000.0,000.0
,,'00:00:15.03,-000,-000,00000,000.00,000.0,000.0
,,'00:00:15.04,-000,-000,00000,000.00,000.0,000.0
,,'00:00:15.05,-000,-000,00000,000.00,000.0,000.0
,,'00:00:15.06,-000,-000,00000,000.00,000.0,000.0
,,'00:00:15.07,-000,-000,00000,000.00,000.0,000.0
,,'00:00:15.08,-000,-000,00000,000.00,000.0,000.0
,,'00:00:15.09,-000,-000,00000,000.00,000.0,000.0
,,'00:00:15.10,-000,-000,00000,000.00,000.0,000.0
,,'00:00:15.11,-000,-000,00000,000.00,000.0,000.0
,,'00:00:15.12,-000,-000,00000,000.00,000.0,000.0
,,'00:00:15.13,-000,-000,00000,000.00,000.0,000.0
,,'00:00:15.14,-000,-000,00000,000.00,000.0,000.0
,,'00:00:15.15,-000,-000,00000,000.00,000.0,000.0
,,'00:00:15.16,-000,-000,00000,000.00,000.0,000.0
,,'00:00:15.17,-000,-000,00000,000.00,000.0,000.0
,,'00:00:15.18,-000,-000,00000,000.00,000.0,000.0
,,'00:00:15.19,-000,-000,00000,000.00,000.0,000.0
,,'00:00:15.20,-000,-000,00000,000.00,000.0,000.0
,,'00:00:15.21,-000,-000,00000,000.00,000.0,000.0
,,'00:00:15.22,-000,-000,00000,000.00,000.0,000.0
,,'00:00:15.23,-000,-000,00000,000.00,000.0,000.0
,,'00:00:15.24,-000,-000,00000,000.00,000.0,000.0
,,'00:00:15.25,-000,-000,00000,000.00,000.0,000.0
,,'00:00:15.26,-000,-000,00000,000.00,000.0,000.0
,,'00:00:15.27,-000,-000,00000,000.00,000.0,000.0
,,'00:00:15.28,-000,-000,00000,000.00,000.0,000.0
,,'00:00:15.29,-000,-000,00000,000.00,000.0,000.0
,,'00:00:15.30,-000,-000,00000,000.00,000.0,000.0
,,'00:00:15.31,-000,-000,00000,000.00,000.0,000.0
,,'00:00:15.32,-000,-000,00000,000.00,000.0,000.0
,,'00:00:15.33,-000,-000,00000,000.00,000.0,000.0
,,'00:00:15.34,-000,-000,00000,000.00,000.0,000.0
,,'00:00:15.35,-000,-000,00000,000.00,000.0,000.0
,,'00:00:15.36,-000,-000,00000,000.00,000.0,000.0
,,'00:00:15.37,-000,-000,00000,000.00,000.0,000.0
,,'00:00:15.38,-000,-000,00000,000.00,000.0,000.0
,,'00:00:15.39,-000,-000,00000,000.00,000.0,000.0
,,'00:00:15.40,-000,-000,00000,000.00,000.0,000.0
,,'00:00:15.41,-000,-000,00000,000.00,000.0,000.0
,,'00:00:15.42,-000,-000,00000,000.00,000.0,000.0
,,'00:00:15.43,-000,-000,00000,000.00,000.0,000.0
,,'00:00:15.44,-000,-000,00000,000.00,000.0,000.0
,,'00:00:15.45,-000,-000,00000,000.00,000.0,000.0
,,'00:00:15.46,-000,-000,00000,000.00,000.0,000.0
,,'00:00:15.47,-000,-000,00000,000.00,000.0,000.0
,,'00:00:15.48,-000,-000,00000,000.00,000.0,000.0
,,'00:00:15.49,-000,-000,00000,000.00,000.0,000.0
,,'00:00:15.50,-000,-000,00000,000.00,000.0,000.0
,,'00:00:15.51,-000,-000,00000,000.00,000.0,000.0
,,'00:00:15.52,-000,-000,00000,000.00,000.0,000.0
,,'00:00:15.53,-000,-000,00000,000.00,000.0,000.0
,,'00:00:15.54,-000,-000,00000,000.00,000.0,000.0
,,'00:00:15.55,-000,-000,00000,000.00,000.0,000.0
,,'00:00:15.56,-000,-000,00000,000.00,000.0,000.0
,,'00:00:15.57,-000,-000,00000,000.00,000.0,000.0
,,'00:00:15.58,-000,-000,00000,000.00,000.0,000.0
,,'00:00:15.59,-000,-000,00000,000.00,000.0,000.0
,,'00:00:15.60,-000,-000,00000,000.00,000.0,000.0
,,'00:00:15.61,-000,-000,00000,000.00,000.0,000.0
,,'00:00:15.62,-000,-000,00000,000.00,000.0,000.0
,,'00:00:15.63,-000,-000,00000,000.00,000.0,000.0
,,'00:00:15.64,-000,-000,00000,000.00,000.0,000.0
,,'00:00:15.65,-000,-000,00000,000.00,000.0,000.0
,,'00:00:15.66,-000,-000,00000,000.00,000.0,000.0
,,'00:00:15.67,-000,-000,00000,000.00,000.0,000.0
,,'00:00:15.68,-000,-000,00000,000.00,000.0,000.0
,,'00:00:15.69,-000,-000,00000,000.00,000.0,000.0
,,'00:00:15.70,-000,-000,00000,000.00,000.0,000.0
,,'00:00:15.71,-000,-000,00000,000.00,000.0,000.0
,,'00:00:15.72,-000,-000,00000,000.00,000.0,000.0
,,'00:00:15.73,-000,-000,00000,000.00,000.0,000.0
,,'00:00:15.74,-000,-000,00000,000.00,000.0,000.0
,,'00:00:15.75,-000,-000,00000,000.00,000.0,000.0
,,'00:00:15.76,-000,-000,00000,000.00,000.0,000.0
,,'00:00:15.77,-000,-000,00000,000.00,000.0,000.0
,,'00:00:15.78,-000,-000,00000,000.00,000.0,000.0
,,'00:00:15.79,-000,-000,00000,000.00,000.0,000.0
,,'00:00:15.80,-000,-000,00000,000.00,000.0,000.0
,,'00:00:15.81,-000,-000,00000,000.00,000.0,000.0
,,'00:00:15.82,-000,-000,00000,000.00,000.0,000.0
,,'00:00:15.83,-000,-000,00000,000.00,000.0,000.0
,,'00:00:15.84,-000,-000,00000,000.00,000.0,000.0
,,'00:00:15.85,-000,-000,00000,000.00,000.0,000.0
,,'00:00:15.86,-000,-000,00000,000.00,000.0,000.0
,,'00:00:15.87,-000,-000,00000,000.00,000.0,000.0
,,'00:00:15.88,-000,-000,00000,000.00,000.0,000.0
,,'00:00:15.89,-000,-000,00000,000.00,000.0,000.0
,,'00:00:15.90,-000,-000,00000,000.00,000.0,000.0
,,'00:00:15.91,-000,-000,00000,000.00,000.0,000.0
,,'00:00:15.92,-000,-000,00000,000.00,000.0,000.0
,,'00:00:15.93,-000,-000,00000,000.00,000.0,000.0
,,'00:00:15.94,-000,-000,00000,000.00,000.0,000.0
,,'00:00:15.95,-000,-000,00000,000.00,000.0,000.0
,,'00:00:15.96,-000,-000,00000,000.00,000.0,000.0
,,'00:00:15.97,-000,-000,00000,000.00,000.0,000.0
,,'00:00:15.98,-000,-000,00000,000.00,000.0,000.0
,,'00:00:15.99,-000,-000,00000,000.00,000.0,000.0
,,'00:00:16.00,-000,-000,00000,000.00,000.0,000.0
,,'00:00:16.01,-000,-000,00000,000.00,000.0,000.0
,,'00:00:16.02,-000,-000,00000,000.00,000.0,000.0
,,'00:00:16.03,-000,-000,00000,000.00,000.0,000.0
,,'00:00:16.04,-000,-000,00000,000.00,000.0,000.0
,,'00:00:16.05,-000,-000,00000,000.00,000.0,000.0
,,'00:00:16.06,-000,-000,00000,000.00,000.0,000.0
,,'00:00:16.07,-000,-000,00000,000.00,000.0,000.0
,,'00:00:16.08,-000,-000,00000,000.00,000.0,000.0
,,'00:00:16.09,-000,-000,00000,000.00,000.0,000.0
,,'00:00:16.10,-000,-000,00000,000.00,000.0,000.0
,,'00:00:16.11,-000,-000,00000,000.00,000.0,000.0
,,'00:00:16.12,-000,-000,00000,000.00,000.0,000.0
,,'00:00:16.13,-000,-000,00000,000.00,000.0,000.0
,,'00:00:16.14,-000,-000,00000,000.00,000.0,000.0
,,'00:00:16.15,-000,-000,00000,000.00,000.0,000.0
,,'00:00:16.16,-000,-000,00000,000.00,000.0,000.0
,,'00:00:16.17,-000,-000,00000,000.00,000.0,000.0
,,'00:00:16.18,-000,-000,00000,000.00,000.0,000.0
,,'00:00:16.19,-000,-000,00000,000.00,000.0,000.0
,,'00:00:16.20,-000,-000,00000,000.00,000.0,000.0
,,'00:00:16.21,-000,-000,00000,000.00,000.0,000.0
,,'00:00:16.22,-000,-000,00000,000.00,000.0,000.0
,,'00:00:16.23,-000,-000,00000,000.00,000.0,000.0
,,'00:00:16.24,-000,-000,00000,000.00,000.0,000.0
,,'00:00:16.25,-000,-000,00000,000.00,000.0,000.0
,,'00:00:16.26,-000,-000,00000,000.00,000.0,000.0
,,'00:00:16.27,-000,-000,00000,000.00,000.0,000.0
,,'00:00:16.28,-000,-000,00000,000.00,000.0,000.0
,,'00:00:16.29,-000,-000,00000,000.00,000.0,000.0
,,'00:00:16.30,-000,-000,00000,000.00,000.0,000.0
,,'00:00:16.31,-000,-000,00000,000.00,000.0,000.0
,,'00:00:16.32,-000,-000,00000,000.00,000.0,000.0
,,'00:00:16.33,-000,-000,00000,000.00,000.0,000.0
,,'00:00:16.34,-000,-000,00000,000.00,000.0,000.0
,,'00:00:16.35,-000,-000,00000,000.00,000.0,000.0
,,'00:00:16.36,-000,-000,00000,000.00,000.0,000.0
,,'00:00:16.37,-000,-000,00000,000.00,000.0,000.0
,,'00:00:16.38,-000,-000,00000,000.00,000.0,000.0
,,'00:00:16.39,-000,-000,00000,000.00,000.0,000.0
,,'00:00:16.40,-000,-000,00000,000.00,000.0,000.0
,,'00:00:16.41,-000,-000,00000,000.00,000.0,000.0
,,'00:00:16.42,-000,-000,00000,000.00,000.0,000.0
,,'00:00:16.43,-000,-000,00000,000.00,000.0,000.0
,,'00:00:16.44,-000,-000,00000,000.00,000.0,000.0
,,'00:00:16.45,-000,-000,00000,000.00,000.0,000.0
,,'00:00:16.46,-000,-000,00000,000.00,000.0,000.0
,,'00:00:16.47,-000,-000,00000,000.00,000.0,000.0
,,'00:00:16.48,-000,-000,00000,000.00,000.0,000.0
,,'00:00:16.49,-000,-000,00000,000.00,000.0,000.0
,,'00:00:16.50,-000,-000,00000,000.00,000.0,000.0
,,'00:00:16.51,-000,-000,00000,000.00,000.0,000.0
,,'00:00:16.52,-000,-000,00000,000.00,000.0,000.0
,,'00:00:16.53,-000,-000,00000,000.00,000.0,000.0
,,'00:00:16.54,-000,-000,00000,000.00,000.0,000.0
,,'00:00:16.55,-000,-000,00000,000.00,000.0,000.0
,,'00:00:16.56,-000,-000,00000,000.00,000.0,000.0
,,'00:00:16.57,-000,-000,00000,000.00,000.0,000.0
,,'00:00:16.58,-000,-000,00000,000.00,000.0,000.0
,,'00:00:16.59,-000,-000,00000,000.00,000.0,000.0
,,'00:00:16.60,-000,-000,00000,000.00,000.0,000.0
,,'00:00:16.61,-000,-000,00000,000.00,000.0,000.0
,,'00:00:16.62,-000,-000,00000,000.00,000.0,000.0
,,'00:00:16.63,-000,-000,00000,000.00,000.0,000.0
,,'00:00:16.64,-000,-000,00000,000.00,000.0,000.0
,,'00:00:16.65,-000,-000,00000,000.00,000.0,000.0
,,'00:00:16.66,-000,-000,00000,000.00,000.0,000.0
,,'00:00:16.67,-000,-000,00000,000.00,000.0,000.0
,,'00:00:16.68,-000,-000,00000,000.00,000.0,000.0
,,'00:00:16.69,-000,-000,00000,000.00,000.0,000.0
,,'00:00:16.70,-000,-000,00000,000.00,000.0,000.0
,,'00:00:16.71,-000,-000,00000,000.00,000.0,000.0
,,'00:00:16.72,-000,-000,00000,000.00,000.0,000.0
,,'00:00:16.73,-000,-000,00000,000.00,000.0,000.0
,,'00:00:16.74,-000,-000,00000,000.00,000.0,000.0
,,'00:00:16.75,-000,-000,00000,000.00,000.0,000.0
,,'00:00:16.76,-000,-000,00000,000.00,000.0,000.0
,,'00:00:16.77,-000,-000,00000,000.00,000.0,000.0
,,'00:00:16.78,-000,-000,00000,000.00,000.0,000.0
,,'00:00:16.79,-000,-000,00000,000.00,000.0,000.0
,,'00:00:16.80,-000,-000,00000,000.00,000.0,000.0
,,'00:00:16.81,-000,-000,00000,000.00,000.0,000.0
,,'00:00:16.82,-000,-000,00000,000.00,000.0,000.0
,,'00:00:16.83,-000,-000,00000,000.00,000.0,000.0
,,'00:00:16.84,-000,-000,00000,000.00,000.0,000.0
,,'00:00:16.85,-000,-000,00000,000.00,000.0,000.0
,,'00:00:16.86,-000,-000,00000,000.00,000.0,000.0
,,'00:00:16.87,-000,-000,00000,000.00,000.0,000.0
,,'00:00:16.88,-000,-000,00000,000.00,000.0,000.0
,,'00:00:16.89,-000,-000,00000,000.00,000.0,000.0
,,'00:00:16.90,-000,-000,00000,000.00,000.0,000.0
,,'00:00:16.91,-000,-000,00000,000.00,000.0,000.0
,,'00:00:16.92,-000,-000,00000,000.00,000.0,000.0
,,'00:00:16.93,-000,-000,00000,000.00,000.0,000.0
,,'00:00:16.94,-000,-000,00000,000.00,000.0,000.0
,,'00:00:16.95,-000,-000,00000,000.00,000.0,000.0
,,'00:00:16.96,-000,-000,00000,000.00,000.0,000.0
,,'00:00:16.97,-000,-000,00000,000.00,000.0,000.0
,,'00:00:16.98,-000,-000,00000,000.00,000.0,000.0
,,'00:00:16.99,-000,-000,00000,000.00,000.0,000.0
,,'00:00:17.00,-000,-000,00000,000.00,000.0,000.0
,,'00:00:17.01,-000,-000,00000,000.00,000.0,000.0
,,'00:00:17.02,-000,-000,00000,000.00,000.0,000.0
,,'00:00:17.03,-000,-000,00000,000.00,000.0,000.0
,,'00:00:17.04,-000,-000,00000,000.00,000.0,000.0
,,'00:00:17.05,-000,-000,00000,000.00,000.0,000.0
,,'00:00:17.06,-000,-000,00000,000.00,000.0,000.0
,,'00:00:17.07,-000,-000,00000,000.00,000.0,000.0
,,'00:00:17.08,-000,-000,00000,000.00,000.0,000.0
,,'00:00:17.09,-000,-000,00000,000.00,000.0,000.0
,,'00:00:17.10,-000,-000,00000,000.00,000.0,000.0
,,'00:00:17.11,-000,-000,00000,000.00,000.0,000.0
,,'00:00:17.12,-000,-000,00000,000.00,000.0,000.0
,,'00:00:17.13,-000,-000,00000,000.00,000.0,000.0
,,'00:00:17.14,-000,-000,00000,000.00,000.0,000.0
,,'00:00:17.15,-000,-000,00000,000.00,000.0,000.0
,,'00:00:17.16,-000,-000,00000,000.00,000.0,000.0
,,'00:00:17.17,-000,-000,00000,000.00,000.0,000.0
,,'00:00:17.18,-000,-000,00000,000.00,000.0,000.0
,,'00:00:17.19,-000,-000,00000,000.00,000.0,000.0
,,'00:00:17.20,-000,-000,00000,000.00,000.0,000.0
,,'00:00:17.21,-000,-000,00000,000.00,000.0,000.0
,,'00:00:17.22,-000,-000,00000,000.00,000.0,000.0
,,'00:00:17.23,-000,-000,00000,000.00,000.0,000.0
,,'00:00:17.24,-000,-000,00000,000.00,000.0,000.0
,,'00:00:17.25,-000,-000,00000,000.00,000.0,000.0
,,'00:00:17.26,-000,-000,00000,000.00,000.0,000.0
,,'00:00:17.27,-000,-000,00000,000.00,000.0,000.0
,,'00:00:17.28,-000,-000,00000,000.00,000.0,000.0
,,'00:00:17.29,-000,-000,00000,000.00,000.0,000.0
,,'00:00:17.30,-000,-000,00000,000.00,000.0,000.0
,,'00:00:17.31,-000,-000,00000,000.00,000.0,000.0
,,'00:00:17.32,-000,-000,00000,000.00,000.0,000.0
,,'00:00:17.33,-000,-000,00000,000.00,000.0,000.0
,,'00:00:17.34,-000,-000,00000,000.00,000.0,000.0
,,'00:00:17.35,-000,-000,00000,000.00,000.0,000.0
,,'00:00:17.36,-000,-000,00000,000.00,000.0,000.0
,,'00:00:17.37,-000,-000,00000,000.00,000.0,000.0
,,'00:00:17.38,-000,-000,00000,000.00,000.0,000.0
,,'00:00:17.39,-000,-000,00000,000.00,000.0,000.0
,,'00:00:17.40,-000,-000,00000,000.00,000.0,000.0
,,'00:00:17.41,-000,-000,00000,000.00,000.0,000.0
,,'00:00:17.42,-000,-000,00000,000.00,000.0,000.0
,,'00:00:17.43,-000,-000,00000,000.00,000.0,000.0
,,'00:00:17.44,-000,-000,00000,000.00,000.0,000.0
,,'00:00:17.45,-000,-000,00000,000.00,000.0,000.0
,,'00:00:17.46,-000,-000,00000,000.00,000.0,000.0
,,'00:00:17.47,-000,-000,00000,000.00,000.0,000.0
,,'00:00:17.48,-000,-000,00000,000.00,000.0,000.0
,,'00:00:17.49,-000,-000,00000,000.00,000.0,000.0
,,'00:00:17.50,-000,-000,00000,000.00,000.0,000.0
,,'00:00:17.51,-000,-000,00000,000.00,000.0,000.0
,,'00:00:17.52,-000,-000,00000,000.00,000.0,000.0
,,'00:00:17.53,-000,-000,00000,000.00,000.0,000.0
,,'00:00:17.54,-000,-000,00000,000.00,000.0,000.0
,,'00:00:17.55,-000,-000,00000,000.00,000.0,000.0
,,'00:00:17.56,-000,-000,00000,000.00,000.0,000.0
L002,'00:00:09.18,'00:00:17.57,-000,-000,00000,000.00,000.0,000.0
,,'00:00:17.58,-000,-000,00000,000.00,000.0,000.0
,,'00:00:17.59,-000,-000,00000,000.00,000.0,000.0
,,'00:00:17.60,-000,-000,00000,000.00,000.0,000.0
,,'00:00:17.61,-000,-000,00000,000.00,000.0,000.0
,,'00:00:17.62,-000,-000,00000,000.00,000.0,000.0
,,'00:00:17.63,-000,-000,00000,000.00,000.0,000.0
,,'00:00:17.64,-000,-000,00000,000.00,000.0,000.0
,,'00:00:17.65,-000,-000,00000,000.00,000.0,000.0
,,'00:00:17.66,-000,-000,00000,000.00,000.0,000.0
,,'00:00:17.67,-000,-000,00000,000.00,000.0,000.0
,,'00:00:17.68,-000,-000,00000,000.00,000.0,000.0
,,'00:00:17.69,-000,-000,00000,000.00,000.0,000.0
,,'00:00:17.70,-000,-000,00000,000.00,000.0,000.0
,,'00:00:17.71,-000,-000,00000,000.00,000.0,000.0
,,'00:00:17.72,-000,-000,00000,000.00,000.0,000.0
,,'00:00:17.73,-000,-000,00000,000.00,000.0,000.0
,,'00:00:17.74,-000,-000,00000,000.00,000.0,000.0
,,'00:00:17.75,-000,-000,00000,000.00,000.0,000.0
,,'00:00:17.76,-000,-000,00000,000.00,000.0,000.0
,,'00:00:17.77,-000,-000,00000,000.00,000.0,000.0
,,'00:00:17.78,-000,-000,00000,000.00,000.0,000.0
,,'00:00:17.79,-000,-000,00000,000.00,000.0,000.0
,,'00:00:17.80,-000,-000,00000,000.00,000.0,000.0
,,'00:00:17.81,-000,-000,00000,000.00,000.0,000.0
,,'00:00:17.82,-000,-000,00000,000.00,000.0,000.0
,,'00:00:17.83,-000,-000,00000,000.00,000.0,000.0
,,'00:00:17.84,-000,-000,00000,000.00,000.0,000.0
,,'00:00:17.85,-000,-000,00000,000.00,000.0,000.0
,,'00:00:17.86,-000,-000,00000,000.00,000.0,000.0
,,'00:00:17.87,-000,-000,00000,000.00,000.0,000.0
,,'00:00:17.88,-000,-000,00000,000.00,000.0,000.0
,,'00:00:17.89,-000,-000,00000,000.00,000.0,000.0
,,'00:00:17.90,-000,-000,00000,000.00,000.0,000.0
,,'00:00:17.91,-000,-000,00000,000.00,000.0,000.0
,,'00:00:17.92,-000,-000,00000,000.00,000.0,000.0
,,'00:00:17.93,-000,-000,00000,000.00,000.0,000.0
,,'00:00:17.94,-000,-000,00000,000.00,000.0,000.0
,,'00:00:17.95,-000,-000,00000,000.00,000.0,000.0
,,'00:00:17.96,-000,-000,00000,000.00,000.0,000.0
,,'00:00:17.97,-000,-000,00000,000.00,000.0,000.0
,,'00:00:17.98,-000,-000,00000,000.00,000.0,000.0
,,'00:00:17.99,-000,-000,00000,000.00,000.0,000.0
,,'00:00:18.00,-000,-000,00000,000.00,000.0,000.0
,,'00:00:18.01,-000,-000,00000,000.00,000.0,000.0
,,'00:00:18.02,-000,-000,00000,000.00,000.0,000.0
,,'00:00:18.03,-000,-000,00000,000.00,000.0,000.0
,,'00:00:18.04,-000,-000,00000,000.00,000.0,000.0
,,'00:00:18.05,-000,-000,00000,000.00,000.0,000.0
,,'00:00:18.06,-000,-000,00000,000.00,000.0,000.0
,,'00:00:18.07,-000,-000,00000,000.00,000.0,000.0
,,'00:00:18.08,-000,-000,00000,000.00,000.0,000.0
,,'00:00:18.09,-000,-000,00000,000.00,000.0,000.0
,,'00:00:18.10,-000,-000,00000,000.00,000.0,000.0
,,'00:00:18.11,-000,-000,00000,000.00,000.0,000.0
,,'00:00:18.12,-000,-000,00000,000.00,000.0,000.0
,,'00:00:18.13,-000,-000,00000,000.00,000.0,000.0
,,'00:00:18.14,-000,-000,00000,000.00,000.0,000.0
,,'00:00:18.15,-000,-000,00000,000.00,000.0,000.0
,,'00:00:18.16,-000,-000,00000,000.00,000.0,000.0
,,'00:00:18.17,-000,-000,00000,000.00,000.0,000.0
,,'00:00:18.18,-000,-000,00000,000.00,000.0,000.0
,,'00:00:18.19,-000,-000,00000,000.00,000.0,000.0
,,'00:00:18.20,-000,-000,00000,000.00,000.0,000.0
,,'00:00:18.21,-000,-000,00000,000.00,000.0,000.0
,,'00:00:18.22,-000,-000,00000,000.00,000.0,000.0
,,'00:00:18.23,-000,-000,00000,000.00,000.0,000.0
,,'00:00:18.24,-000,-000,00000,000.00,000.0,000.0
,,'00:00:18.25,-000,-000,00000,000.00,000.0,000.0
,,'00:00:18.26,-000,-000,00000,000.00,000.0,000.0
,,'00:00:18.27,-000,-000,00000,000.00,000.0,000.0
,,'00:00:18.28,-000,-000,00000,000.00,000.0,000.0
,,'00:00:18.29,-000,-000,00000,000.00,000.0,000.0
,,'00:00:18.30,-000,-000,00000,000.00,000.0,000.0
,,'00:00:18.31,-000,-000,00000,000.00,000.0,000.0
,,'00:00:18.32,-000,-000,00000,000.00,000.0,000.0
,,'00:00:18.33,-000,-000,00000,000.00,000.0,000.0
,,'00:00:18.34,-000,-000,00000,000.00,000.0,000.0
,,'00:00:18.35,-000,-000,00000,000.00,000.0,000.0
,,'00:00:18.36,-000,-000,00000,000.00,000.0,000.0
,,'00:00:18.37,-000,-000,00000,000.00,000.0,000.0
,,'00:00:18.38,-000,-000,00000,000.00,000.0,000.0
,,'00:00:18.39,-000,-000,00000,000.00,000.0,000.0
,,'00:00:18.40,-000,-000,00000,000.00,000.0,000.0
,,'00:00:18.41,-000,-000,00000,000.00,000.0,000.0
,,'00:00:18.42,-000,-000,00000,000.00,000.0,000.0
,,'00:00:18.43,-000,-000,00000,000.00,000.0,000.0
,,'00:00:18.44,-000,-000,00000,000.00,000.0,000.0
,,'00:00:18.45,-000,-000,00000,000.00,000.0,000.0
,,'00:00:18.46,-000,-000,00000,000.00,000.0,000.0
,,'00:00:18.47,-000,-000,00000,000.00,000.0,000.0
,,'00:00:18.48,-000,-000,00000,000.00,000.0,000.0
,,'00:00:18.49,-000,-000,00000,000.00,000.0,000.0
,,'00:00:18.50,-000,-000,00000,000.00,000.0,000.0
,,'00:00:18.51,-000,-000,00000,000.00,000.0,000.0
,,'00:00:18.52,-000,-000,00000,000.00,000.0,000.0
,,'00:00:18.53,-000,-000,00000,000.00,000.0,000.0
,,'00:00:18.54,-000,-000,00000,000.00,000.0,000.0
,,'00:00:18.55,-000,-000,00000,000.00,000.0,000.0
,,'00:00:18.56,-000,-000,00000,000.00,000.0,000.0
,,'00:00:18.57,-000,-000,00000,000.00,000.0,000.0
,,'00:00:18.58,-000,-000,00000,000.00,000.0,000.0
,,'00:00:18.59,-000,-000,00000,000.00,000.0,000.0
,,'00:00:18.60,-000,-000,00000,000.00,000.0,000.0
,,'00:00:18.61,-000,-000,00000,000.00,000.0,000.0
,,'00:00:18.62,-000,-000,00000,000.00,000.0,000.0
,,'00:00:18.63,-000,-000,00000,000.00,000.0,000.0
,,'00:00:18.64,-000,-000,00000,000.00,000.0,000.0
,,'00:00:18.65,-000,-000,00000,000.00,000.0,000.0
,,'00:00:18.66,-000,-000,00000,000.00,000.0,000.0
,,'00:00:18.67,-000,-000,00000,000.00,000.0,000.0
,,'00:00:18.68,-000,-000,00000,000.00,000.0,000.0
,,'00:00:18.69,-000,-000,00000,000.00,000.0,000.0
,,'00:00:18.70,-000,-000,00000,000.00,000.0,000.0
,,'00:00:18.71,-000,-000,00000,000.00,000.0,000.0
,,'00:00:18.72,-000,-000,00000,000.00,000.0,000.0
,,'00:00:18.73,-000,-000,00000,000.00,000.0,000.0
,,'00:00:18.74,-000,-000,00000,000.00,000.0,000.0
,,'00:00:18.75,-000,-000,00000,000.00,000.0,000.0
,,'00:00:18.76,-000,-000,00000,000.00,000.0,000.0
,,'00:00:18.77,-000,-000,00000,000.00,000.0,000.0
,,'00:00:18.78,-000,-000,00000,000.00,000.0,000.0
,,'00:00:18.79,-000,-000,00000,000.00,000.0,000.0
,,'00:00:18.80,-000,-000,00000,000.00,000.0,000.0
,,'00:00:18.81,-000,-000,00000,000.00,000.0,000.0
,,'00:00:18.82,-000,-000,00000,000.00,000.0,000.0
,,'00:00:18.83,-000,-000,00000,000.00,000.0,000.0
,,'00:00:18.84,-000,-000,00000,000.00,000.0,000.0
,,'00:00:18.85,-000,-000,00000,000.00,000.0,000.0
,,'00:00:18.86,-000,-000,00000,000.00,000.0,000.0
,,'00:00:18.87,-000,-000,00000,000.00,000.0,000.0
,,'00:00:18.88,-000,-000,00000,000.00,000.0,000.0
,,'00:00:18.89,-000,-000,00000,000.00,000.0,000.0
,,'00:00:18.90,-000,-000,00000,000.00,000.0,000.0
,,'00:00:18.91,-000,-000,00000,000.00,000.0,000.0
,,'00:00:18.92,-000,-000,00000,000.00,000.0,000.0
,,'00:00:18.93,-000,-000,00000,000.00,000.0,000.0
,,'00:00:18.94,-000,-000,00000,000.00,000.0,000.0
,,'00:00:18.95,-000,-000,00000,000.00,000.0,000.0
,,'00:00:18.96,-000,-000,00000,000.00,000.0,000.0
,,'00:00:18.97,-000,-000,00000,000.00,000.0,000.0
,,'00:00:18.98,-000,-000,00000,000.00,000.0,000.0
,,'00:00:18.99,-000,-000,00000,000.00,000.0,000.0
,,'00:00:19.00,-000,-000,00000,000.00,000.0,000.0
,,'00:00:19.01,-000,-000,00000,000.00,000.0,000.0
,,'00:00:19.02,-000,-000,00000,000.00,000.0,000.0
,,'00:00:19.03,-000,-000,00000,000.00,000.0,000.0
,,'00:00:19.04,-000,-000,00000,000.00,000.0,000.0
,,'00:00:19.05,-000,-000,00000,000.00,000.0,000.0
,,'00:00:19.06,-000,-000,00000,000.00,000.0,000.0
,,'00:00:19.07,-000,-000,00000,000.00,000.0,000.0
,,'00:00:19.08,-000,-000,00000,000.00,000.0,000.0
,,'00:00:19.09,-000,-000,00000,000.00,000.0,000.0
,,'00:00:19.10,-000,-000,00000,000.00,000.0,000.0
,,'00:00:19.11,-000,-000,00000,000.00,000.0,000.0
,,'00:00:19.12,-000,-000,00000,000.00,000.0,000.0
,,'00:00:19.13,-000,-000,00000,000.00,000.0,000.0
,,'00:00:19.14,-000,-000,00000,000.00,000.0,000.0
,,'00:00:19.15,-000,-000,00000,000.00,000.0,000.0
,,'00:00:19.16,-000,-000,00000,000.00,000.0,000.0
,,'00:00:19.17,-000,-000,00000,000.00,000.0,000.0
,,'00:00:19.18,-000,-000,00000,000.00,000.0,000.0
,,'00:00:19.19,-000,-000,00000,000.00,000.0,000.0
,,'00:00:19.20,-000,-000,00000,000.00,000.0,000.0
,,'00:00:19.21,-000,-000,00000,000.00,000.0,000.0
,,'00:00:19.22,-000,-000,00000,000.00,000.0,000.0
,,'00:00:19.23,-000,-000,00000,000.00,000.0,000.0
,,'00:00:19.24,-000,-000,00000,000.00,000.0,000.0
,,'00:00:19.25,-000,-000,00000,000.00,000.0,000.0
,,'00:00:19.26,-000,-000,00000,000.00,000.0,000.0
,,'00:00:19.27,-000,-000,00000,000.00,000.0,000.0
,,'00:00:19.28,-000,-000,00000,000.00,000.0,000.0
,,'00:00:19.29,-000,-000,00000,000.00,000.0,000.0
,,'00:00:19.30,-000,-000,00000,000.00,000.0,000.0
,,'00:00:19.31,-000,-000,00000,000.00,000.0,000.0
,,'00:00:19.32,-000,-000,00000,000.00,000.0,000.0
,,'00:00:19.33,-000,-000,00000,000.00,000.0,000.0
,,'00:00:19.34,-000,-000,00000,000.00,000.0,000.0
,,'00:00:19.35,-000,-000,00000,000.00,000.0,000.0
,,'00:00:19.36,-000,-000,00000,000.00,000.0,000.0
,,'00:00:19.37,-000,-000,00000,000.00,000.0,000.0
,,'00:00:19.38,-000,-000,00000,000.00,000.0,000.0
,,'00:00:19.39,-000,-000,00000,000.00,000.0,000.0
,,'00:00:19.40,-000,-000,00000,000.00,000.0,000.0
,,'00:00:19.41,-000,-000,00000,000.00,000.0,000.0
,,'00:00:19.42,-000,-000,00000,000.00,000.0,000.0
,,'00:00:19.43,-000,-000,00000,000.00,000.0,000.0
,,'00:00:19.44,-000,-000,00000,000.00,000.0,000.0
,,'00:00:19.45,-000,-000,00000,000.00,000.0,000.0
,,'00:00:19.46,-000,-000,00000,000.00,000.0,000.0
,,'00:00:19.47,-000,-000,00000,000.00,000.0,000.0
,,'00:00:19.48,-000,-000,00000,000.00,000.0,000.0
,,'00:00:19.49,-000,-000,00000,000.00,000.0,000.0
,,'00:00:19.50,-000,-000,00000,000.00,000.0,000.0
,,'00:00:19.51,-000,-000,00000,000.00,000.0,000.0
,,'00:00:19.52,-000,-000,00000,000.00,000.0,000.0
,,'00:00:19.53,-000,-000,00000,000.00,000.0,000.0
,,'00:00:19.54,-000,-000,00000,000.00,000.0,000.0
,,'00:00:19.55,-000,-000,00000,000.00,000.0,000.0
,,'00:00:19.56,-000,-000,00000,000.00,000.0,000.0
,,'00:00:19.57,-000,-000,00000,000.00,000.0,000.0
,,'00:00:19.58,-000,-000,00000,000.00,000.0,000.0
,,'00:00:19.59,-000,-000,00000,000.00,000.0,000.0
,,'00:00:19.60,-000,-000,00000,000.00,000.0,000.0
,,'00:00:19.61,-000,-000,00000,000.00,000.0,000.0
,,'00:00:19.62,-000,-000,00000,000.00,000.0,000.0
,,'00:00:19.63,-000,-000,00000,000.00,000.0,000.0
,,'00:00:19.64,-000,-000,00000,000.00,000.0,000.0
,,'00:00:19.65,-000,-000,00000,000.00,000.0,000.0
,,'00:00:19.66,-000,-000,00000,000.00,000.0,000.0
,,'00:00:19.67,-000,-000,00000,000.00,000.0,000.0
,,'00:00:19.68,-000,-000,00000,000.00,000.0,000.0
,,'00:00:19.69,-000,-000,00000,000.00,000.0,000.0
,,'00:00:19.70,-000,-000,00000,000.00,000.0,000.0
,,'00:00:19.71,-000,-000,00000,000.00,000.0,000.0
,,'00:00:19.72,-000,-000,00000,000.00,000.0,000.0
,,'00:00:19.73,-000,-000,00000,000.00,000.0,000.0
,,'00:00:19.74,-000,-000,00000,000.00,000.0,000.0
,,'00:00:19.75,-000,-000,00000,000.00,000.0,000.0
,,'00:00:19.76,-000,-000,00000,000.00,000.0,000.0
,,'00:00:19.77,-000,-000,00000,000.00,000.0,000.0
,,'00:00:19.78,-000,-000,00000,000.00,000.0,000.0
,,'00:00:19.79,-000,-000,00000,000.00,000.0,000.0
,,'00:00:19.80,-000,-000,00000,000.00,000.0,000.0
,,'00:00:19.81,-000,-000,00000,000.00,000.0,000.0
,,'00:00:19.82,-000,-000,00000,000.00,000.0,000.0
,,'00:00:19.83,-001, 001,00000,000.00,000.0,000.0
,,'00:00:19.84,-002, 004,00000,000.00,000.0,000.0
,,'00:00:19.85,-002, 004,00000,000.00,000.0,000.0
,,'00:00:19.86,-002, 004,00000,000.00,000.0,000.0
,,'00:00:19.87,-002, 004,00000,000.00,000.0,000.0
,,'00:00:19.88,-022, 031,00000,000.00,000.0,000.0
,,'00:00:19.89,-023, 033,00000,000.00,000.0,000.0
,,'00:00:19.90,-027, 040,00000,000.00,000.0,000.0
,,'00:00:19.91,-031, 044,00000,000.00,000.0,000.0
,,'00:00:19.92,-031, 044,00000,000.00,000.0,000.0
,,'00:00:19.93,-031, 044,00000,000.00,000.0,000.0
,,'00:00:19.94,-031, 044,00000,000.00,000.0,000.0
,,'00:00:19.95,-048, 058,00000,000.00,000.0,000.0
,,'00:00:19.96,-049, 058,00000,000.00,000.0,000.0
,,'00:00:19.97,-052, 058,00000,000.00,000.0,000.0
,,'00:00:19.98,-054, 058,00000,000.00,000.0,000.0
,,'00:00:19.99,-054, 058,00000,000.00,000.0,000.0
,,'00:00:20.00,-054, 058,00000,000.00,000.0,000.0
,,'00:00:20.01,-054, 058,00000,000.00,000.0,000.0
,,'00:00:20.02,-055, 040,00000,000.00,000.0,000.0
,,'00:00:20.03,-055, 038,00000,000.00,000.0,000.0
,,'00:00:20.04,-053, 034,00000,000.00,000.0,000.0
,,'00:00:20.05,-050, 026,00000,000.00,000.0,000.0
,,'00:00:20.06,-050, 026,00000,000.00,000.0,000.0
,,'00:00:20.07,-050, 026,00000,000.00,000.0,000.0
,,'00:00:20.08,-050, 026,00000,000.00,000.0,000.0
,,'00:00:20.09,-017,-000,00000,000.00,000.0,000.0
,,'00:00:20.10,-015,-000,00000,000.00,000.0,000.0
,,'00:00:20.11,-008,-000,00000,000.00,000.0,000.0
,,'00:00:20.12,-002,-000,00000,000.00,000.0,000.0
,,'00:00:20.13,-002,-000,00000,000.00,000.0,000.0
,,'00:00:20.14,-002,-000,00000,000.00,000.0,000.0
,,'00:00:20.15,-002,-000,00000,000.00,000.0,000.0
,,'00:00:20.16,-000, 021,00000,000.00,000.0,000.0
,,'00:00:20.17,-000, 021,00000,000.00,000.0,000.0
,,'00:00:20.18,-000, 030,00000,000.00,000.0,000.0
,,'00:00:20.19,-000, 038,00000,000.00,000.0,000.0
,,'00:00:20.20,-000, 038,00000,000.00,000.0,000.0
,,'00:00:20.21,-000, 038,00000,000.00,000.0,000.0
,,'00:00:20.22,-000, 038,00000,000.00,000.0,000.0
,,'00:00:20.23,-000, 059,00000,000.00,000.0,000.0
,,'00:00:20.24,-000, 059,00000,000.00,000.0,000.0
,,'00:00:20.25,-001, 062,00000,000.00,000.0,000.0
,,'00:00:20.26,-003, 064,00000,000.00,000.0,000.0
,,'00:00:20.27,-003, 064,00000,000.00,000.0,000.0
,,'00:00:20.28,-003, 064,00000,000.00,000.0,000.0
,,'00:00:20.29,-003, 064,00000,000.00,000.0,000.0
,,'00:00:20.30,-027, 062,00000,000.00,000.0,000.0
,,'00:00:20.31,-029, 061,00000,000.00,000.0,000.0
,,'00:00:20.32,-034, 059,00000,000.00,000.0,000.0
,,'00:00:20.33,-038, 055,00000,000.00,000.0,000.0
,,'00:00:20.34,-038, 055,00000,000.00,000.0,000.0
,,'00:00:20.35,-038, 055,00000,000.00,000.0,000.0
,,'00:00:20.36,-038, 055,00000,000.00,000.0,000.0
,,'00:00:20.37,-056, 038,00000,000.00,000.0,000.0
,,'00:00:20.38,-058, 037,00000,000.00,000.0,000.0
,,'00:00:20.39,-060, 031,00000,000.00,000.0,000.0
,,'00:00:20.40,-062, 025,00000,000.00,000.0,000.0
,,'00:00:20.41,-062, 025,00000,000.00,000.0,000.0
,,'00:00:20.42,-062, 025,00000,000.00,000.0,000.0
,,'00:00:20.43,-062, 025,00000,000.00,000.0,000.0
,,'00:00:20.44,-072,-000,00000,000.00,000.0,000.0
,,'00:00:20.45,-072,-000,00000,000.00,000.0,000.0
,,'00:00:20.46,-073,-000,00000,000.00,000.0,000.0
,,'00:00:20.47,-074,-000,00000,000.00,000.0,000.0
,,'00:00:20.48,-074,-000,00000,000.00,000.0,000.0
,,'00:00:20.49,-074,-000,00000,000.00,000.0,000.0
,,'00:00:20.50,-074,-000,00000,000.00,000.0,000.0
,,'00:00:20.51,-069, 008,00000,000.00,000.0,000.0
,,'00:00:20.52,-069, 010,00000,000.00,000.0,000.0
,,'00:00:20.53,-064, 018,00000,000.00,000.0,000.0
,,'00:00:20.54,-058, 025,00000,000.00,000.0,000.0
,,'00:00:20.55,-058, 025,00000,000.00,000.0,000.0
,,'00:00:20.56,-058, 025,00000,000.00,000.0,000.0
,,'00:00:20.57,-058, 025,00000,000.00,000.0,000.0
,,'00:00:20.58,-035, 053,00000,000.00,000.0,000.0
,,'00:00:20.59,-034, 053,00000,000.00,000.0,000.0
,,'00:00:20.60,-030, 056,00000,000.00,000.0,000.0
,,'00:00:20.61,-025, 059,00000,000.00,000.0,000.0
,,'00:00:20.62,-025, 059,00000,000.00,000.0,000.0
,,'00:00:20.63,-025, 059,00000,000.00,000.0,000.0
,,'00:00:20.64,-025, 059,00000,000.00,000.0,000.0
,,'00:00:20.65,-002, 062,00000,000.00,000.0,000.0
,,'00:00:20.66,-000, 061,00000,000.00,000.0,000.0
,,'00:00:20.67,-000, 060,00000,000.00,000.0,000.0
,,'00:00:20.68,-000, 060,00000,000.00,000.0,000.0
,,'00:00:20.69,-000, 060,00000,000.00,000.0,000.0
,,'00:00:20.70,-000, 060,00000,000.00,000.0,000.0
,,'00:00:20.71,-000, 052,00000,000.00,000.0,000.0
,,'00:00:20.72,-000, 051,00000,000.00,000.0,000.0
,,'00:00:20.73,-000, 047,00000,000.00,000.0,000.0
,,'00:00:20.74,-000, 047,00000,000.00,000.0,000.0
,,'00:00:20.75,-000, 034,00000,000.00,000.0,000.0
,,'00:00:20.76,-000, 030,00000,000.00,000.0,000.0
,,'00:00:20.77,-000, 026,00000,000.00,000.0,000.0
,,'00:00:20.78,-000, 021,00000,000.00,000.0,000.0
,,'00:00:20.79,-000, 021,00000,000.00,000.0,000.0
,,'00:00:20.80, 001, 009,00000,000.00,000.0,000.0
,,'00:00:20.81, 001, 004,00000,000.00,000.0,000.0
,,'00:00:20.82, 001,-000,00000,000.00,000.0,000.0
,,'00:00:20.83, 001,-000,00000,000.00,000.0,000.0
,,'00:00:20.84, 002,-000,00000,000.00,000.0,000.0
,,'00:00:20.85, 003,-000,00000,000.00,000.0,000.0
,,'00:00:20.86, 004,-000,00000,000.00,000.0,000.0
,,'00:00:20.87, 005,-000,00000,000.00,000.0,000.0
,,'00:00:20.88, 005,-000,00000,000.00,000.0,000.0
,,'00:00:20.89, 010,-000,00000,000.00,000.0,000.0
,,'00:00:20.90, 011,-000,00000,000.00,000.0,000.0
,,'00:00:20.91, 012,-000,00000,000.00,000.0,000.0
,,'00:00:20.92, 014,-000,00000,000.00,000.0,000.0
,,'00:00:20.93, 014,-000,00000,000.00,000.0,000.0
,,'00:00:20.94, 020,-000,00000,000.00,000.0,000.0
,,'00:00:20.95, 023,-000,00000,000.00,000.0,000.0
,,'00:00:20.96, 025,-000,00000,000.00,000.0,000.0
,,'00:00:20.97, 027,-000,00000,000.00,000.0,000.0
,,'00:00:20.98, 027,-000,00000,000.00,000.0,000.0
,,'00:00:20.99, 035,-000,00000,000.00,000.0,000.0
,,'00:00:21.00, 036,-000,00000,000.00,000.0,000.0
,,'00:00:21.01, 040,-000,00000,000.00,000.0,000.0
,,'00:00:21.02, 043,-000,00000,000.00,000.0,000.0
,,'00:00:21.03, 043,-000,00000,000.00,000.0,000.0
,,'00:00:21.04, 049, 009,00000,000.00,000.0,000.0
,,'00:00:21.05, 050, 014,00000,000.00,000.0,000.0
,,'00:00:21.06, 052, 023,00000,000.00,000.0,000.0
,,'00:00:21.07, 054, 030,00000,000.00,000.0,000.0
,,'00:00:21.08, 054, 030,00000,000.00,000.0,000.0
,,'00:00:21.09, 057, 043,00000,000.00,000.0,000.0
,,'00:00:21.10, 058, 044,00000,000.00,000.0,000.0
,,'00:00:21.11, 058, 048,00000,000.00,000.0,000.0
,,'00:00:21.12, 058, 050,00000,000.00,000.0,000.0
,,'00:00:21.13, 058, 050,00000,000.00,000.0,000.0
,,'00:00:21.14, 056, 057,00000,000.00,000.0,000.0
,,'00:00:21.15, 055, 058,00000,000.00,000.0,000.0
,,'00:00:21.16, 052, 060,00000,000.00,000.0,000.0
,,'00:00:21.17, 049, 062,00000,000.00,000.0,000.0
,,'00:00:21.18, 049, 062,00000,000.00,000.0,000.0
,,'00:00:21.19, 036, 064,00000,000.00,000.0,000.0
,,'00:00:21.20, 034, 063,00000,000.00,000.0,000.0
,,'00:00:21.21, 027, 063,00000,000.00,000.0,000.0
,,'00:00:21.22, 021, 062,00000,000.00,000.0,000.0
,,'00:00:21.23, 021, 062,00000,000.00,000.0,000.0
,,'00:00:21.24, 007, 055,00000,000.00,000.0,000.0
,,'00:00:21.25, 004, 054,00000,000.00,000.0,000.0
,,'00:00:21.26,-001, 050,00000,000.00,000.0,000.0
,,'00:00:21.27,-001, 046,00000,000.00,000.0,000.0
,,'00:00:21.28,-001, 046,00000,000.00,000.0,000.0
,,'00:00:21.29,-003, 040,00000,000.00,000.0,000.0
,,'00:00:21.30,-004, 040,00000,000.00,000.0,000.0
,,'00:00:21.31,-007, 039,00000,000.00,000.0,000.0
,,'00:00:21.32,-010, 038,00000,000.00,000.0,000.0
,,'00:00:21.33,-010, 038,00000,000.00,000.0,000.0
,,'00:00:21.34,-019, 038,00000,000.00,000.0,000.0
,,'00:00:21.35,-021, 038,00000,000.00,000.0,000.0
,,'00:00:21.36,-025, 037,00000,000.00,000.0,000.0
,,'00:00:21.37,-029, 035,00000,000.00,000.0,000.0
,,'00:00:21.38,-029, 035,00000,000.00,000.0,000.0
,,'00:00:21.39,-039, 029,00000,000.00,000.0,000.0
,,'00:00:21.40,-043, 026,00000,000.00,000.0,000.0
,,'00:00:21.41,-047, 023,00000,000.00,000.0,000.0
,,'00:00:21.42,-051, 021,00000,000.00,000.0,000.0
,,'00:00:21.43,-051, 021,00000,000.00,000.0,000.0
,,'00:00:21.44,-058, 021,00000,000.00,000.0,000.0
,,'00:00:21.45,-059, 021,00000,000.00,000.0,000.0
,,'00:00:21.46,-062, 023,00000,000.00,000.0,000.0
,,'00:00:21.47,-064, 028,00000,000.00,000.0,000.0
,,'00:00:21.48,-064, 028,00000,000.00,000.0,000.0
,,'00:00:21.49,-067, 047,00000,000.00,000.0,000.0
,,'00:00:21.50,-068, 050,00000,000.00,000.0,000.0
,,'00:00:21.51,-069, 058,00000,000.00,000.0,000.0
,,'00:00:21.52,-070, 063,00000,000.00,000.0,000.0
,,'00:00:21.53,-070, 063,00000,000.00,000.0,000.0
,,'00:00:21.54,-072, 072,00000,000.00,000.0,000.0
,,'00:00:21.55,-072, 073,00000,000.00,000.0,000.0
,,'00:00:21.56,-073, 075,00000,000.00,000.0,000.0
,,'00:00:21.57,-073, 075,00000,000.00,000.0,000.0
,,'00:00:21.58,-073, 075,00000,000.00,000.0,000.0
,,'00:00:21.59,-072, 075,00000,000.00,000.0,000.0
,,'00:00:21.60,-071, 075,00000,000.00,000.0,000.0
,,'00:00:21.61,-070, 073,00000,000.00,000.0,000.0
,,'00:00:21.62,-068, 069,00000,000.00,000.0,000.0
,,'00:00:21.63,-068, 069,00000,000.00,000.0,000.0
,,'00:00:21.64,-060, 056,00000,000.00,000.0,000.0
,,'00:00:21.65,-058, 051,00000,000.00,000.0,000.0
,,'00:00:21.66,-054, 044,00000,000.00,000.0,000.0
,,'00:00:21.67,-052, 038,00000,000.00,000.0,000.0
,,'00:00:21.68,-052, 038,00000,000.00,000.0,000.0
,,'00:00:21.69,-047, 029,00000,000.00,000.0,000.0
,,'00:00:21.70,-045, 029,00000,000.00,000.0,000.0
,,'00:00:21.71,-042, 028,00000,000.00,000.0,000.0
,,'00:00:21.72,-037, 028,00000,000.00,000.0,000.0
,,'00:00:21.73,-037, 028,00000,000.00,000.0,000.0
,,'00:00:21.74,-022, 028,00000,000.00,000.0,000.0
,,'00:00:21.75,-021, 028,00000,000.00,000.0,000.0
,,'00:00:21.76,-015, 029,00000,000.00,000.0,000.0
,,'00:00:21.77,-010, 029,00000,000.00,000.0,000.0
,,'00:00:21.78,-010, 029,00000,000.00,000.0,000.0
,,'00:00:21.79,-008, 037,00000,000.00,000.0,000.0
,,'00:00:21.80,-009, 039,00000,000.00,000.0,000.0
,,'00:00:21.81,-012, 045,00000,000.00,000.0,000.0
,,'00:00:21.82,-016, 050,00000,000.00,000.0,000.0
,,'00:00:21.83,-016, 050,00000,000.00,000.0,000.0
,,'00:00:21.84,-034, 060,00000,000.00,000.0,000.0
,,'00:00:21.85,-038, 062,00000,000.00,000.0,000.0
,,'00:00:21.86,-045, 064,00000,000.00,000.0,000.0
,,'00:00:21.87,-052, 066,00000,000.00,000.0,000.0
,,'00:00:21.88,-052, 066,00000,000.00,000.0,000.0
,,'00:00:21.89,-063, 069,00000,000.00,000.0,000.0
,,'00:00:21.90,-065, 069,00000,000.00,000.0,000.0
,,'00:00:21.91,-068, 070,00000,000.00,000.0,000.0
,,'00:00:21.92,-070, 070,00000,000.00,000.0,000.0
,,'00:00:21.93,-070, 070,00000,000.00,000.0,000.0
,,'00:00:21.94,-072, 068,00000,000.00,000.0,000.0
,,'00:00:21.95,-072, 067,00000,000.00,000.0,000.0
,,'00:00:21.96,-072, 065,00000,000.00,000.0,000.0
,,'00:00:21.97,-070, 060,00000,000.00,000.0,000.0
,,'00:00:21.98,-070, 060,00000,000.00,000.0,000.0
,,'00:00:21.99,-057, 050,00000,000.00,000.0,000.0
,,'00:00:22.00,-049, 047,00000,000.00,000.0,000.0
,,'00:00:22.01,-042, 041,00000,000.00,000.0,000.0
,,'00:00:22.02,-031, 034,00000,000.00,000.0,000.0
,,'00:00:22.03,-031, 034,00000,000.00,000.0,000.0
,,'00:00:22.04,-013, 018,00000,000.00,000.0,000.0
,,'00:00:22.05,-010, 013,00000,000.00,000.0,000.0
,,'00:00:22.06,-006, 009,00000,000.00,000.0,000.0
,,'00:00:22.07,-003, 004,00000,000.00,000.0,000.0
,,'00:00:22.08,-003, 004,00000,000.00,000.0,000.0
,,'00:00:22.09,-000,-000,00000,000.00,000.0,000.0
,,'00:00:22.10,-000,-000,00000,000.00,000.0,000.0
,,'00:00:22.11,-000,-000,00000,000.00,000.0,000.0
,,'00:00:22.12,-000,-000,00000,000.00,000.0,000.0
,,'00:00:22.13,-000,-000,00000,000.00,000.0,000.0
,,'00:00:22.14,-000,-000,00000,000.00,000.0,000.0
,,'00:00:22.15,-000,-000,00000,000.00,000.0,000.0
,,'00:00:22.16,-000,-000,00000,000.00,000.0,000.0
,,'00:00:22.17,-000,-000,00000,000.00,000.0,000.0
,,'00:00:22.18,-000,-000,00000,000.00,000.0,000.0
,,'00:00:22.19,-000,-000,00000,000.00,000.0,000.0
,,'00:00:22.20,-000,-000,00000,000.00,000.0,000.0
,,'00:00:22.21,-000,-000,00000,000.00,000.0,000.0
,,'00:00:22.22,-000,-000,00000,000.00,000.0,000.0
,,'00:00:22.23,-000,-000,00000,000.00,000.0,000.0
,,'00:00:22.24,-000,-000,00000,000.00,000.0,000.0
,,'00:00:22.25,-000,-000,00000,000.00,000.0,000.0
,,'00:00:22.26,-000,-000,00000,000.00,000.0,000.0
,,'00:00:22.27,-000,-000,00000,000.00,000.0,000.0
,,'00:00:22.28,-000,-000,00000,000.00,000.0,000.0
,,'00:00:22.29,-000,-000,00000,000.00,000.0,000.0
,,'00:00:22.30,-000,-000,00000,000.00,000.0,000.0
,,'00:00:22.31,-000,-000,00000,000.00,000.0,000.0
,,'00:00:22.32,-000,-000,00000,000.00,000.0,000.0
,,'00:00:22.33,-000,-000,00000,000.00,000.0,000.0
,,'00:00:22.34,-000,-000,00000,000.00,000.0,000.0
,,'00:00:22.35,-000,-000,00000,000.00,000.0,000.0
,,'00:00:22.36,-000,-000,00000,000.00,000.0,000.0
,,'00:00:22.37,-000,-000,00000,000.00,000.0,000.0
,,'00:00:22.38,-000,-000,00000,000.00,000.0,000.0
,,'00:00:22.39,-000,-000,00000,000.00,000.0,000.0
,,'00:00:22.40,-000,-000,00000,000.00,000.0,000.0
,,'00:00:22.41,-000,-000,00000,000.00,000.0,000.0
,,'00:00:22.42,-000,-000,00000,000.00,000.0,000.0
,,'00:00:22.43,-000,-000,00000,000.00,000.0,000.0
,,'00:00:22.44,-000,-000,00000,000.00,000.0,000.0
,,'00:00:22.45,-000,-000,00000,000.00,000.0,000.0
,,'00:00:22.46,-000,-000,00000,000.00,000.0,000.0
,,'00:00:22.47,-000,-000,00000,000.00,000.0,000.0
,,'00:00:22.48,-000,-000,00000,000.00,000.0,000.0
,,'00:00:22.49,-000,-000,00000,000.00,000.0,000.0
,,'00:00:22.50,-000,-000,00000,000.00,000.0,000.0
,,'00:00:22.51,-000,-000,00000,000.00,000.0,000.0
,,'00:00:22.52,-000,-000,00000,000.00,000.0,000.0
,,'00:00:22.53,-000,-000,00000,000.00,000.0,000.0
,,'00:00:22.54,-000,-000,00000,000.00,000.0,000.0
,,'00:00:22.55,-000,-000,00000,000.00,000.0,000.0
,,'00:00:22.56,-000,-000,00000,000.00,000.0,000.0
,,'00:00:22.57,-000,-000,00000,000.00,000.0,000.0
,,'00:00:22.58,-000,-000,00000,000.00,000.0,000.0
,,'00:00:22.59,-000,-000,00000,000.00,000.0,000.0
,,'00:00:22.60,-000,-000,00000,000.00,000.0,000.0
,,'00:00:22.61,-000,-000,00000,000.00,000.0,000.0
,,'00:00:22.62,-000,-000,00000,000.00,000.0,000.0
,,'00:00:22.63,-000,-000,00000,000.00,000.0,000.0
,,'00:00:22.64,-000,-000,00000,000.00,000.0,000.0
,,'00:00:22.65,-000,-000,00000,000.00,000.0,000.0
,,'00:00:22.66,-000,-000,00000,000.00,000.0,000.0
,,'00:00:22.67,-000,-000,00000,000.00,000.0,000.0
,,'00:00:22.68,-000,-000,00000,000.00,000.0,000.0
,,'00:00:22.69,-000,-000,00000,000.00,000.0,000.0
,,'00:00:22.70,-000,-000,00000,000.00,000.0,000.0
,,'00:00:22.71,-000,-000,00000,000.00,000.0,000.0
,,'00:00:22.72,-000,-000,00000,000.00,000.0,000.0
,,'00:00:22.73,-000,-000,00000,000.00,000.0,000.0
L003,'00:00:05.17,'00:00:22.74,-000,-000,00000,000.00,000.0,000.0
,,'00:00:22.75,-000,-000,00000,000.00,000.0,000.0
,,'00:00:22.76,-000,-000,00000,000.00,000.0,000.0
,,'00:00:22.77,-000,-000,00000,000.00,000.0,000.0
,,'00:00:22.78,-000,-000,00000,000.00,000.0,000.0
,,'00:00:22.79,-000,-000,00000,000.00,000.0,000.0
,,'00:00:22.80,-000,-000,00000,000.00,000.0,000.0
,,'00:00:22.81,-000,-000,00000,000.00,000.0,000.0
,,'00:00:22.82,-000,-000,00000,000.00,000.0,000.0
,,'00:00:22.83,-000,-000,00000,000.00,000.0,000.0
,,'00:00:22.84,-000,-000,00000,000.00,000.0,000.0
,,'00:00:22.85,-000,-000,00000,000.00,000.0,000.0
,,'00:00:22.86,-000,-000,00000,000.00,000.0,000.0
,,'00:00:22.87,-000,-000,00000,000.00,000.0,000.0
,,'00:00:22.88,-000,-000,00000,000.00,000.0,000.0
,,'00:00:22.89,-000,-000,00000,000.00,000.0,000.0
,,'00:00:22.90,-000,-000,00000,000.00,000.0,000.0
,,'00:00:22.91,-000,-000,00000,000.00,000.0,000.0
,,'00:00:22.92,-000,-000,00000,000.00,000.0,000.0
,,'00:00:22.93,-000,-000,00000,000.00,000.0,000.0
,,'00:00:22.94,-000,-000,00000,000.00,000.0,000.0
,,'00:00:22.95,-000,-000,00000,000.00,000.0,000.0
,,'00:00:22.96,-000,-000,00000,000.00,000.0,000.0
,,'00:00:22.97,-000,-000,00000,000.00,000.0,000.0
,,'00:00:22.98,-000,-000,00000,000.00,000.0,000.0
,,'00:00:22.99,-000,-000,00000,000.00,000.0,000.0
,,'00:00:23.00,-000,-000,00000,000.00,000.0,000.0
,,'00:00:23.01,-000,-000,00000,000.00,000.0,000.0
,,'00:00:23.02,-000,-000,00000,000.00,000.0,000.0
,,'00:00:23.03,-000,-000,00000,000.00,000.0,000.0
,,'00:00:23.04,-000,-000,00000,000.00,000.0,000.0
,,'00:00:23.05,-000,-000,00000,000.00,000.0,000.0
,,'00:00:23.06,-000,-000,00000,000.00,000.0,000.0
,,'00:00:23.07,-000,-000,00000,000.00,000.0,000.0
,,'00:00:23.08,-000,-000,00000,000.00,000.0,000.0
,,'00:00:23.09,-000,-000,00000,000.00,000.0,000.0
,,'00:00:23.10,-000,-000,00000,000.00,000.0,000.0
,,'00:00:23.11,-000,-000,00000,000.00,000.0,000.0
,,'00:00:23.12,-000,-000,00000,000.00,000.0,000.0
,,'00:00:23.13,-000,-000,00000,000.00,000.0,000.0
,,'00:00:23.14,-000,-000,00000,000.00,000.0,000.0
,,'00:00:23.15,-000,-000,00000,000.00,000.0,000.0
,,'00:00:23.16,-000,-000,00000,000.00,000.0,000.0
,,'00:00:23.17,-000,-000,00000,000.00,000.0,000.0
,,'00:00:23.18,-000,-000,00000,000.00,000.0,000.0
,,'00:00:23.19,-000,-000,00000,000.00,000.0,000.0
,,'00:00:23.20,-000,-000,00000,000.00,000.0,000.0
,,'00:00:23.21,-000,-000,00000,000.00,000.0,000.0
,,'00:00:23.22,-000,-000,00000,000.00,000.0,000.0
,,'00:00:23.23,-000,-000,00000,000.00,000.0,000.0
,,'00:00:23.24,-000,-000,00000,000.00,000.0,000.0
,,'00:00:23.25,-000,-000,00000,000.00,000.0,000.0
,,'00:00:23.26,-000,-000,00000,000.00,000.0,000.0
,,'00:00:23.27,-000,-000,00000,000.00,000.0,000.0
,,'00:00:23.28,-000,-000,00000,000.00,000.0,000.0
,,'00:00:23.29,-000,-000,00000,000.00,000.0,000.0
,,'00:00:23.30,-000,-000,00000,000.00,000.0,000.0
,,'00:00:23.31,-000,-000,00000,000.00,000.0,000.0
,,'00:00:23.32,-000,-000,00000,000.00,000.0,000.0
,,'00:00:23.33,-000,-000,00000,000.00,000.0,000.0
,,'00:00:23.34,-000,-000,00000,000.00,000.0,000.0
,,'00:00:23.35,-000,-000,00000,000.00,000.0,000.0
,,'00:00:23.36,-000,-000,00000,000.00,000.0,000.0
,,'00:00:23.37,-000,-000,00000,000.00,000.0,000.0
,,'00:00:23.38,-000,-000,00000,000.00,000.0,000.0
,,'00:00:23.39,-000,-000,00000,000.00,000.0,000.0
,,'00:00:23.40,-000,-000,00000,000.00,000.0,000.0
,,'00:00:23.41,-000,-000,00000,000.00,000.0,000.0
,,'00:00:23.42,-000,-000,00000,000.00,000.0,000.0
,,'00:00:23.43,-000,-000,00000,000.00,000.0,000.0
,,'00:00:23.44,-000,-000,00000,000.00,000.0,000.0
,,'00:00:23.45,-000,-000,00000,000.00,000.0,000.0
,,'00:00:23.46,-000,-000,00000,000.00,000.0,000.0
,,'00:00:23.47,-000,-000,00000,000.00,000.0,000.0
,,'00:00:23.48,-000,-000,00000,000.00,000.0,000.0
,,'00:00:23.49,-000,-000,00000,000.00,000.0,000.0
,,'00:00:23.50,-000,-000,00000,000.00,000.0,000.0
,,'00:00:23.51,-000,-000,00000,000.00,000.0,000.0
,,'00:00:23.52,-000,-000,00000,000.00,000.0,000.0
,,'00:00:23.53,-000,-000,00000,000.00,000.0,000.0
,,'00:00:23.54,-001,-000,00000,000.00,000.0,000.0
,,'00:00:23.55,-001,-000,00000,000.00,000.0,000.0
,,'00:00:23.56,-001,-000,00000,000.00,000.0,000.0
,,'00:00:23.57,-001,-000,00000,000.00,000.0,000.0
,,'00:00:23.58,-011,-000,00000,000.00,000.0,000.0
,,'00:00:23.59,-012,-000,00000,000.00,000.0,000.0
,,'00:00:23.60,-015,-000,00000,000.00,000.0,000.0
,,'00:00:23.61,-019,-000,00000,000.00,000.0,000.0
,,'00:00:23.62,-019,-000,00000,000.00,000.0,000.0
,,'00:00:23.63,-019,-000,00000,000.00,000.0,000.0
,,'00:00:23.64,-019,-000,00000,000.00,000.0,000.0
,,'00:00:23.65,-031,-000,00000,000.00,000.0,000.0
,,'00:00:23.66,-032,-000,00000,000.00,000.0,000.0
,,'00:00:23.67,-035,-000,00000,000.00,000.0,000.0
,,'00:00:23.68,-039,-000,00000,000.00,000.0,000.0
,,'00:00:23.69,-039,-000,00000,000.00,000.0,000.0
,,'00:00:23.70,-039,-000,00000,000.00,000.0,000.0
,,'00:00:23.71,-039,-000,00000,000.00,000.0,000.0
,,'00:00:23.72,-053,-000,00000,000.00,000.0,000.0
,,'00:00:23.73,-053,-000,00000,000.00,000.0,000.0
,,'00:00:23.74,-054,-000,00000,000.00,000.0,000.0
,,'00:00:23.75,-055,-000,00000,000.00,000.0,000.0
,,'00:00:23.76,-055,-000,00000,000.00,000.0,000.0
,,'00:00:23.77,-055,-000,00000,000.00,000.0,000.0
,,'00:00:23.78,-055,-000,00000,000.00,000.0,000.0
,,'00:00:23.79,-045,-000,00000,000.00,000.0,000.0
,,'00:00:23.80,-043,-000,00000,000.00,000.0,000.0
,,'00:00:23.81,-035,-000,00000,000.00,000.0,000.0
,,'00:00:23.82,-026,-000,00000,000.00,000.0,000.0
,,'00:00:23.83,-026,-000,00000,000.00,000.0,000.0
,,'00:00:23.84,-026,-000,00000,000.00,000.0,000.0
,,'00:00:23.85,-026,-000,00000,000.00,000.0,000.0
,,'00:00:23.86,-000,-000,00000,000.00,000.0,000.0
,,'00:00:23.87,-000,-000,00000,000.00,000.0,000.0
,,'00:00:23.88,-000,-000,00000,000.00,000.0,000.0
,,'00:00:23.89,-000,-000,00000,000.00,000.0,000.0
,,'00:00:23.90,-000,-000,00000,000.00,000.0,000.0
,,'00:00:23.91,-000,-000,00000,000.00,000.0,000.0
,,'00:00:23.92,-000,-000,00000,000.00,000.0,000.0
,,'00:00:23.93,-000,-000,00000,000.00,000.0,000.0
,,'00:00:23.94,-000,-000,00000,000.00,000.0,000.0
,,'00:00:23.95,-000,-000,00000,000.00,000.0,000.0
,,'00:00:23.96,-001,-000,00000,000.00,000.0,000.0
,,'00:00:23.97,-001,-000,00000,000.00,000.0,000.0
,,'00:00:23.98,-001,-000,00000,000.00,000.0,000.0
,,'00:00:23.99,-001,-000,00000,000.00,000.0,000.0
,,'00:00:24.00,-022,-000,00000,000.00,000.0,000.0
,,'00:00:24.01,-023,-000,00000,000.00,000.0,000.0
,,'00:00:24.02,-027,-000,00000,000.00,000.0,000.0
,,'00:00:24.03,-030,-000,00000,000.00,000.0,000.0
,,'00:00:24.04,-030,-000,00000,000.00,000.0,000.0
,,'00:00:24.05,-030,-000,00000,000.00,000.0,000.0
,,'00:00:24.06,-030,-000,00000,000.00,000.0,000.0
,,'00:00:24.07,-034,-000,00000,000.00,000.0,000.0
,,'00:00:24.08,-034,-000,00000,000.00,000.0,000.0
,,'00:00:24.09,-032,-000,00000,000.00,000.0,000.0
,,'00:00:24.10,-029,-000,00000,000.00,000.0,000.0
,,'00:00:24.11,-029,-000,00000,000.00,000.0,000.0
,,'00:00:24.12,-029,-000,00000,000.00,000.0,000.0
,,'00:00:24.13,-029,-000,00000,000.00,000.0,000.0
,,'00:00:24.14,-003,-000,00000,000.00,000.0,000.0
,,'00:00:24.15,-001,-000,00000,000.00,000.0,000.0
,,'00:00:24.16,-000,-000,00000,000.00,000.0,000.0
,,'00:00:24.17,-000,-000,00000,000.00,000.0,000.0
,,'00:00:24.18,-000,-000,00000,000.00,000.0,000.0
,,'00:00:24.19,-000,-000,00000,000.00,000.0,000.0
,,'00:00:24.20,-000,-000,00000,000.00,000.0,000.0
,,'00:00:24.21,-000,-000,00000,000.00,000.0,000.0
,,'00:00:24.22,-000,-000,00000,000.00,000.0,000.0
,,'00:00:24.23,-000,-000,00000,000.00,000.0,000.0
,,'00:00:24.24,-000,-000,00000,000.00,000.0,000.0
,,'00:00:24.25,-000,-000,00000,000.00,000.0,000.0
,,'00:00:24.26,-000,-000,00000,000.00,000.0,000.0
,,'00:00:24.27,-000,-000,00000,000.00,000.0,000.0
,,'00:00:24.28,-000,-000,00000,000.00,000.0,000.0
,,'00:00:24.29,-000,-000,00000,000.00,000.0,000.0
,,'00:00:24.30,-000,-000,00000,000.00,000.0,000.0
,,'00:00:24.31,-000,-000,00000,000.00,000.0,000.0
,,'00:00:24.32,-000,-000,00000,000.00,000.0,000.0
,,'00:00:24.33,-000,-000,00000,000.00,000.0,000.0
,,'00:00:24.34,-000,-000,00000,000.00,000.0,000.0
,,'00:00:24.35,-000,-000,00000,000.00,000.0,000.0
,,'00:00:24.36,-000,-000,00000,000.00,000.0,000.0
,,'00:00:24.37,-000,-000,00000,000.00,000.0,000.0
,,'00:00:24.38,-000,-000,00000,000.00,000.0,000.0
,,'00:00:24.39,-000,-000,00000,000.00,000.0,000.0
,,'00:00:24.40,-000,-000,00000,000.00,000.0,000.0
,,'00:00:24.41,-000,-000,00000,000.00,000.0,000.0
,,'00:00:24.42,-000,-000,00000,000.00,000.0,000.0
,,'00:00:24.43,-000,-000,00000,000.00,000.0,000.0
,,'00:00:24.44,-000,-000,00000,000.00,000.0,000.0
,,'00:00:24.45,-000,-000,00000,000.00,000.0,000.0
,,'00:00:24.46,-000,-000,00000,000.00,000.0,000.0
,,'00:00:24.47,-000,-000,00000,000.00,000.0,000.0
,,'00:00:24.48,-000,-000,00000,000.00,000.0,000.0
,,'00:00:24.49,-000,-000,00000,000.00,000.0,000.0
,,'00:00:24.50,-000,-000,00000,000.00,000.0,000.0
,,'00:00:24.51,-000,-000,00000,000.00,000.0,000.0
,,'00:00:24.52,-000,-000,00000,000.00,000.0,000.0
,,'00:00:24.53,-000,-000,00000,000.00,000.0,000.0
,,'00:00:24.54,-000,-000,00000,000.00,000.0,000.0
,,'00:00:24.55,-000,-000,00000,000.00,000.0,000.0
,,'00:00:24.56,-000,-000,00000,000.00,000.0,000.0
,,'00:00:24.57,-000,-000,00000,000.00,000.0,000.0
,,'00:00:24.58,-000,-000,00000,000.00,000.0,000.0
,,'00:00:24.59,-000,-000,00000,000.00,000.0,000.0
,,'00:00:24.60,-000,-000,00000,000.00,000.0,000.0
,,'00:00:24.61,-000,-000,00000,000.00,000.0,000.0
,,'00:00:24.62,-000,-000,00000,000.00,000.0,000.0
,,'00:00:24.63,-000,-000,00000,000.00,000.0,000.0
,,'00:00:24.64,-000,-000,00000,000.00,000.0,000.0
,,'00:00:24.65,-000,-000,00000,000.00,000.0,000.0
,,'00:00:24.66,-000,-000,00000,000.00,000.0,000.0
,,'00:00:24.67,-000,-000,00000,000.00,000.0,000.0
,,'00:00:24.68,-000,-000,00000,000.00,000.0,000.0
,,'00:00:24.69,-000,-000,00000,000.00,000.0,000.0
,,'00:00:24.70,-000,-000,00000,000.00,000.0,000.0
,,'00:00:24.71,-000,-000,00000,000.00,000.0,000.0
,,'00:00:24.72,-000,-000,00000,000.00,000.0,000.0
,,'00:00:24.73,-000,-000,00000,000.00,000.0,000.0
,,'00:00:24.74,-000,-000,00000,000.00,000.0,000.0
,,'00:00:24.75,-000,-000,00000,000.00,000.0,000.0
,,'00:00:24.76,-000,-000,00000,000.00,000.0,000.0
,,'00:00:24.77,-000,-000,00000,000.00,000.0,000.0
,,'00:00:24.78,-000,-000,00000,000.00,000.0,000.0
,,'00:00:24.79,-001,-000,00000,000.00,000.0,000.0
,,'00:00:24.80,-000,-000,00000,000.00,000.0,000.0
,,'00:00:24.81,-000,-000,00000,000.00,000.0,000.0
,,'00:00:24.82,-000,-000,00000,000.00,000.0,000.0
,,'00:00:24.83,-000,-000,00000,000.00,000.0,000.0
,,'00:00:24.84,-000,-000,00000,000.00,000.0,000.0
,,'00:00:24.85,-000,-000,00000,000.00,000.0,000.0
,,'00:00:24.86,-000,-000,00000,000.00,000.0,000.0
,,'00:00:24.87,-000,-000,00000,000.00,000.0,000.0
,,'00:00:24.88,-000,-000,00000,000.00,000.0,000.0
,,'00:00:24.89,-000,-000,00000,000.00,000.0,000.0
,,'00:00:24.90,-000,-000,00000,000.00,000.0,000.0
,,'00:00:24.91,-000,-000,00000,000.00,000.0,000.0
,,'00:00:24.92,-000,-000,00000,000.00,000.0,000.0
,,'00:00:24.93,-000,-000,00000,000.00,000.0,000.0
,,'00:00:24.94,-000,-000,00000,000.00,000.0,000.0
,,'00:00:24.95,-000,-000,00000,000.00,000.0,000.0
,,'00:00:24.96,-000,-000,00000,000.00,000.0,000.0
,,'00:00:24.97,-000,-000,00000,000.00,000.0,000.0
,,'00:00:24.98,-000,-000,00000,000.00,000.0,000.0
,,'00:00:24.99,-000,-000,00000,000.00,000.0,000.0
,,'00:00:25.00,-001,-000,00000,000.00,000.0,000.0
,,'00:00:25.01,-001,-000,00000,000.00,000.0,000.0
,,'00:00:25.02,-001,-000,00000,000.00,000.0,000.0
,,'00:00:25.03,-001,-000,00000,000.00,000.0,000.0
,,'00:00:25.04,-001,-000,00000,000.00,000.0,000.0
,,'00:00:25.05,-021,-000,00000,000.00,000.0,000.0
,,'00:00:25.06,-023,-000,00000,000.00,000.0,000.0
,,'00:00:25.07,-027,-000,00000,000.00,000.0,000.0
,,'00:00:25.08,-032,-000,00000,000.00,000.0,000.0
,,'00:00:25.09,-032,-000,00000,000.00,000.0,000.0
,,'00:00:25.10,-032,-000,00000,000.00,000.0,000.0
,,'00:00:25.11,-032,-000,00000,000.00,000.0,000.0
,,'00:00:25.12,-041,-000,00000,000.00,000.0,000.0
,,'00:00:25.13,-041,-000,00000,000.00,000.0,000.0
,,'00:00:25.14,-042,-000,00000,000.00,000.0,000.0
,,'00:00:25.15,-042,-000,00000,000.00,000.0,000.0
,,'00:00:25.16,-042,-000,00000,000.00,000.0,000.0
,,'00:00:25.17,-042,-000,00000,000.00,000.0,000.0
,,'00:00:25.18,-042,-000,00000,000.00,000.0,000.0
,,'00:00:25.19,-024,-000,00000,000.00,000.0,000.0
,,'00:00:25.20,-022,-000,00000,000.00,000.0,000.0
,,'00:00:25.21,-014,-000,00000,000.00,000.0,000.0
,,'00:00:25.22,-005,-000,00000,000.00,000.0,000.0
,,'00:00:25.23,-005,-000,00000,000.00,000.0,000.0
,,'00:00:25.24,-005,-000,00000,000.00,000.0,000.0
,,'00:00:25.25,-005,-000,00000,000.00,000.0,000.0
,,'00:00:25.26,-000,-000,00000,000.00,000.0,000.0
,,'00:00:25.27,-000,-000,00000,000.00,000.0,000.0
,,'00:00:25.28,-000,-000,00000,000.00,000.0,000.0
,,'00:00:25.29,-000,-000,00000,000.00,000.0,000.0
,,'00:00:25.30,-000,-000,00000,000.00,000.0,000.0
,,'00:00:25.31,-000,-000,00000,000.00,000.0,000.0
,,'00:00:25.32,-000,-000,00000,000.00,000.0,000.0
,,'00:00:25.33,-003,-000,00000,000.00,000.0,000.0
,,'00:00:25.34,-004,-000,00000,000.00,000.0,000.0
,,'00:00:25.35,-008,-000,00000,000.00,000.0,000.0
,,'00:00:25.36,-013,-000,00000,000.00,000.0,000.0
,,'00:00:25.37,-013,-000,00000,000.00,000.0,000.0
,,'00:00:25.38,-013,-000,00000,000.00,000.0,000.0
,,'00:00:25.39,-013,-000,00000,000.00,000.0,000.0
,,'00:00:25.40,-026,-000,00000,000.00,000.0,000.0
,,'00:00:25.41,-026,-000,00000,000.00,000.0,000.0
,,'00:00:25.42,-026,-000,00000,000.00,000.0,000.0
,,'00:00:25.43,-025,-000,00000,000.00,000.0,000.0
,,'00:00:25.44,-025,-000,00000,000.00,000.0,000.0
,,'00:00:25.45,-025,-000,00000,000.00,000.0,000.0
,,'00:00:25.46,-025,-000,00000,000.00,000.0,000.0
,,'00:00:25.47,-000,-000,00000,000.00,000.0,000.0
,,'00:00:25.48,-000,-000,00000,000.00,000.0,000.0
,,'00:00:25.49,-000,-000,00000,000.00,000.0,000.0
,,'00:00:25.50,-000,-000,00000,000.00,000.0,000.0
,,'00:00:25.51,-000,-000,00000,000.00,000.0,000.0
,,'00:00:25.52,-000,-000,00000,000.00,000.0,000.0
,,'00:00:25.53,-000,-000,00000,000.00,000.0,000.0
,,'00:00:25.54,-000,-000,00000,000.00,000.0,000.0
,,'00:00:25.55,-000,-000,00000,000.00,000.0,000.0
,,'00:00:25.56,-000,-000,00000,000.00,000.0,000.0
,,'00:00:25.57,-000,-000,00000,000.00,000.0,000.0
,,'00:00:25.58,-000,-000,00000,000.00,000.0,000.0
,,'00:00:25.59,-000,-000,00000,000.00,000.0,000.0
,,'00:00:25.60,-000,-000,00000,000.00,000.0,000.0
,,'00:00:25.61,-009,-000,00000,000.00,000.0,000.0
,,'00:00:25.62,-010,-000,00000,000.00,000.0,000.0
,,'00:00:25.63,-013,-000,00000,000.00,000.0,000.0
,,'00:00:25.64,-016,-000,00000,000.00,000.0,000.0
,,'00:00:25.65,-016,-000,00000,000.00,000.0,000.0
,,'00:00:25.66,-016,-000,00000,000.00,000.0,000.0
,,'00:00:25.67,-016,-000,00000,000.00,000.0,000.0
,,'00:00:25.68,-027,-000,00000,000.00,000.0,000.0
,,'00:00:25.69,-027,-000,00000,000.00,000.0,000.0
,,'00:00:25.70,-028,-000,00000,000.00,000.0,000.0
,,'00:00:25.71,-028,-000,00000,000.00,000.0,000.0
,,'00:00:25.72,-028,-000,00000,000.00,000.0,000.0
,,'00:00:25.73,-028,-000,00000,000.00,000.0,000.0
,,'00:00:25.74,-028,-000,00000,000.00,000.0,000.0
,,'00:00:25.75,-014,-000,00000,000.00,000.0,000.0
,,'00:00:25.76,-012,-000,00000,000.00,000.0,000.0
,,'00:00:25.77,-005,-000,00000,000.00,000.0,000.0
,,'00:00:25.78,-000,-000,00000,000.00,000.0,000.0
,,'00:00:25.79,-000,-000,00000,000.00,000.0,000.0
,,'00:00:25.80,-000,-000,00000,000.00,000.0,000.0
,,'00:00:25.81,-000,-000,00000,000.00,000.0,000.0
,,'00:00:25.82,-000,-000,00000,000.00,000.0,000.0
,,'00:00:25.83,-000,-000,00000,000.00,000.0,000.0
,,'00:00:25.84,-000,-000,00000,000.00,000.0,000.0
,,'00:00:25.85,-000,-000,00000,000.00,000.0,000.0
,,'00:00:25.86,-000,-000,00000,000.00,000.0,000.0
,,'00:00:25.87,-000,-000,00000,000.00,000.0,000.0
,,'00:00:25.88,-000,-000,00000,000.00,000.0,000.0
,,'00:00:25.89,-000,-000,00000,000.00,000.0,000.0
,,'00:00:25.90,-000,-000,00000,000.00,000.0,000.0
,,'00:00:25.91,-000,-000,00000,000.00,000.0,000.0
,,'00:00:25.92,-000,-000,00000,000.00,000.0,000.0
,,'00:00:25.93,-000,-000,00000,000.00,000.0,000.0
,,'00:00:25.94,-000,-000,00000,000.00,000.0,000.0
,,'00:00:25.95,-000,-000,00000,000.00,000.0,000.0
,,'00:00:25.96,-000,-000,00000,000.00,000.0,000.0
,,'00:00:25.97,-001,-000,00000,000.00,000.0,000.0
,,'00:00:25.98,-001,-000,00000,000.00,000.0,000.0
,,'00:00:25.99,-002,-000,00000,000.00,000.0,000.0
,,'00:00:26.00,-002,-000,00000,000.00,000.0,000.0
,,'00:00:26.01,-002,-000,00000,000.00,000.0,000.0
,,'00:00:26.02,-005,-000,00000,000.00,000.0,000.0
,,'00:00:26.03,-006,-000,00000,000.00,000.0,000.0
,,'00:00:26.04,-007,-000,00000,000.00,000.0,000.0
,,'00:00:26.05,-007,-000,00000,000.00,000.0,000.0
,,'00:00:26.06,-012,-000,00000,000.00,000.0,000.0
,,'00:00:26.07,-013,-000,00000,000.00,000.0,000.0
,,'00:00:26.08,-015,-000,00000,000.00,000.0,000.0
,,'00:00:26.09,-019,-000,00000,000.00,000.0,000.0
,,'00:00:26.10,-019,-000,00000,000.00,000.0,000.0
,,'00:00:26.11,-027,-000,00000,000.00,000.0,000.0
,,'00:00:26.12,-028,-000,00000,000.00,000.0,000.0
,,'00:00:26.13,-031,-000,00000,000.00,000.0,000.0
,,'00:00:26.14,-035,-000,00000,000.00,000.0,000.0
,,'00:00:26.15,-035,-000,00000,000.00,000.0,000.0
,,'00:00:26.16,-045,-000,00000,000.00,000.0,000.0
,,'00:00:26.17,-046,-000,00000,000.00,000.0,000.0
,,'00:00:26.18,-049,-000,00000,000.00,000.0,000.0
,,'00:00:26.19,-052,-000,00000,000.00,000.0,000.0
,,'00:00:26.20,-052,-000,00000,000.00,000.0,000.0
L004,'00:00:03.47,'00:00:26.21,-055,-000,00000,000.00,000.0,000.0
,,'00:00:26.22,-055,-000,00000,000.00,000.0,000.0
,,'00:00:26.23,-056,-000,00000,000.00,000.0,000.0
,,'00:00:26.24,-055,-000,00000,000.00,000.0,000.0
,,'00:00:26.25,-055,-000,00000,000.00,000.0,000.0
,,'00:00:26.26,-055,-000,00000,000.00,000.0,000.0
,,'00:00:26.27,-055,-000,00000,000.00,000.0,000.0
,,'00:00:26.28,-049,-000,00000,000.00,000.0,000.0
,,'00:00:26.29,-045,-000,00000,000.00,000.0,000.0
,,'00:00:26.30,-040,-000,00000,000.00,000.0,000.0
,,'00:00:26.31,-033,-000,00000,000.00,000.0,000.0
,,'00:00:26.32,-033,-000,00000,000.00,000.0,000.0
,,'00:00:26.33,-033,-000,00000,000.00,000.0,000.0
,,'00:00:26.34,-033,-000,00000,000.00,000.0,000.0
,,'00:00:26.35,-006,-000,00000,000.00,000.0,000.0
,,'00:00:26.36,-004,-000,00000,000.00,000.0,000.0
,,'00:00:26.37,-001,-000,00000,000.00,000.0,000.0
,,'00:00:26.38,-000,-000,00000,000.00,000.0,000.0
,,'00:00:26.39,-000,-000,00000,000.00,000.0,000.0
,,'00:00:26.40,-000,-000,00000,000.00,000.0,000.0
,,'00:00:26.41,-000,-000,00000,000.00,000.0,000.0
,,'00:00:26.42,-000,-000,00000,000.00,000.0,000.0
,,'00:00:26.43,-000,-000,00000,000.00,000.0,000.0
,,'00:00:26.44,-000,-000,00000,000.00,000.0,000.0
,,'00:00:26.45,-000,-000,00000,000.00,000.0,000.0
,,'00:00:26.46,-000,-000,00000,000.00,000.0,000.0
,,'00:00:26.47,-000,-000,00000,000.00,000.0,000.0
,,'00:00:26.48,-000,-000,00000,000.00,000.0,000.0
,,'00:00:26.49,-000,-000,00000,000.00,000.0,000.0
,,'00:00:26.50,-000,-000,00000,000.00,000.0,000.0
,,'00:00:26.51,-000,-000,00000,000.00,000.0,000.0
,,'00:00:26.52,-000,-000,00000,000.00,000.0,000.0
,,'00:00:26.53,-000,-000,00000,000.00,000.0,000.0
,,'00:00:26.54,-000,-000,00000,000.00,000.0,000.0
,,'00:00:26.55,-000,-000,00000,000.00,000.0,000.0
,,'00:00:26.56,-000,-000,00000,000.00,000.0,000.0
,,'00:00:26.57,-000,-000,00000,000.00,000.0,000.0
,,'00:00:26.58,-000,-000,00000,000.00,000.0,000.0
,,'00:00:26.59,-000,-000,00000,000.00,000.0,000.0
,,'00:00:26.60,-000,-000,00000,000.00,000.0,000.0
,,'00:00:26.61,-000,-000,00000,000.00,000.0,000.0
,,'00:00:26.62,-000,-000,00000,000.00,000.0,000.0
,,'00:00:26.63,-000,-000,00000,000.00,000.0,000.0
,,'00:00:26.64,-000,-000,00000,000.00,000.0,000.0
,,'00:00:26.65,-000,-000,00000,000.00,000.0,000.0
,,'00:00:26.66,-000,-000,00000,000.00,000.0,000.0
,,'00:00:26.67,-000,-000,00000,000.00,000.0,000.0
,,'00:00:26.68,-000,-000,00000,000.00,000.0,000.0
,,'00:00:26.69,-000,-000,00000,000.00,000.0,000.0
,,'00:00:26.70,-018,-000,00000,000.00,000.0,000.0
,,'00:00:26.71,-019,-000,00000,000.00,000.0,000.0
,,'00:00:26.72,-024,-000,00000,000.00,000.0,000.0
,,'00:00:26.73,-029,-000,00000,000.00,000.0,000.0
,,'00:00:26.74,-029,-000,00000,000.00,000.0,000.0
,,'00:00:26.75,-029,-000,00000,000.00,000.0,000.0
,,'00:00:26.76,-029,-000,00000,000.00,000.0,000.0
,,'00:00:26.77,-042,-000,00000,000.00,000.0,000.0
,,'00:00:26.78,-043,-000,00000,000.00,000.0,000.0
,,'00:00:26.79,-044,-000,00000,000.00,000.0,000.0
,,'00:00:26.80,-045,-000,00000,000.00,000.0,000.0
,,'00:00:26.81,-045,-000,00000,000.00,000.0,000.0
,,'00:00:26.82,-045,-000,00000,000.00,000.0,000.0
,,'00:00:26.83,-045,-000,00000,000.00,000.0,000.0
,,'00:00:26.84,-041,-000,00000,000.00,000.0,000.0
,,'00:00:26.85,-040,-000,00000,000.00,000.0,000.0
,,'00:00:26.86,-035,-000,00000,000.00,000.0,000.0
,,'00:00:26.87,-030,-000,00000,000.00,000.0,000.0
,,'00:00:26.88,-030,-000,00000,000.00,000.0,000.0
,,'00:00:26.89,-030,-000,00000,000.00,000.0,000.0
,,'00:00:26.90,-030,-000,00000,000.00,000.0,000.0
,,'00:00:26.91,-001,-000,00000,000.00,000.0,000.0
,,'00:00:26.92,-000,-000,00000,000.00,000.0,000.0
,,'00:00:26.93,-000,-000,00000,000.00,000.0,000.0
,,'00:00:26.94,-000,-000,00000,000.00,000.0,000.0
,,'00:00:26.95,-000,-000,00000,000.00,000.0,000.0
,,'00:00:26.96,-000,-000,00000,000.00,000.0,000.0
,,'00:00:26.97,-000,-000,00000,000.00,000.0,000.0
,,'00:00:26.98,-000,-000,00000,000.00,000.0,000.0
,,'00:00:26.99,-000,-000,00000,000.00,000.0,000.0
,,'00:00:27.00,-000,-000,00000,000.00,000.0,000.0
,,'00:00:27.01,-000,-000,00000,000.00,000.0,000.0
,,'00:00:27.02,-000,-000,00000,000.00,000.0,000.0
,,'00:00:27.03,-000,-000,00000,000.00,000.0,000.0
,,'00:00:27.04,-000,-000,00000,000.00,000.0,000.0
,,'00:00:27.05, 004,-000,00000,000.00,000.0,000.0
,,'00:00:27.06, 005,-000,00000,000.00,000.0,000.0
,,'00:00:27.07, 006,-000,00000,000.00,000.0,000.0
,,'00:00:27.08, 007,-000,00000,000.00,000.0,000.0
,,'00:00:27.09, 007,-000,00000,000.00,000.0,000.0
,,'00:00:27.10, 007,-000,00000,000.00,000.0,000.0
,,'00:00:27.11, 007,-000,00000,000.00,000.0,000.0
,,'00:00:27.12, 014,-000,00000,000.00,000.0,000.0
,,'00:00:27.13, 015,-000,00000,000.00,000.0,000.0
,,'00:00:27.14, 017,-000,00000,000.00,000.0,000.0
,,'00:00:27.15, 018,-000,00000,000.00,000.0,000.0
,,'00:00:27.16, 018,-000,00000,000.00,000.0,000.0
,,'00:00:27.17, 018,-000,00000,000.00,000.0,000.0
,,'00:00:27.18, 018,-000,00000,000.00,000.0,000.0
,,'00:00:27.19, 024,-000,00000,000.00,000.0,000.0
,,'00:00:27.20, 024,-000,00000,000.00,000.0,000.0
,,'00:00:27.21, 025,-000,00000,000.00,000.0,000.0
,,'00:00:27.22, 025,-000,00000,000.00,000.0,000.0
,,'00:00:27.23, 025,-000,00000,000.00,000.0,000.0
,,'00:00:27.24, 025,-000,00000,000.00,000.0,000.0
,,'00:00:27.25, 025,-000,00000,000.00,000.0,000.0
,,'00:00:27.26, 026,-000,00000,000.00,000.0,000.0
,,'00:00:27.27, 026,-000,00000,000.00,000.0,000.0
,,'00:00:27.28, 026,-000,00000,000.00,000.0,000.0
,,'00:00:27.29, 025,-000,00000,000.00,000.0,000.0
,,'00:00:27.30, 025,-000,00000,000.00,000.0,000.0
,,'00:00:27.31, 025,-000,00000,000.00,000.0,000.0
,,'00:00:27.32, 025,-000,00000,000.00,000.0,000.0
,,'00:00:27.33, 023,-000,00000,000.00,000.0,000.0
,,'00:00:27.34, 022,-000,00000,000.00,000.0,000.0
,,'00:00:27.35, 022,-000,00000,000.00,000.0,000.0
,,'00:00:27.36, 020,-000,00000,000.00,000.0,000.0
,,'00:00:27.37, 020,-000,00000,000.00,000.0,000.0
,,'00:00:27.38, 020,-000,00000,000.00,000.0,000.0
,,'00:00:27.39, 020,-000,00000,000.00,000.0,000.0
,,'00:00:27.40, 012,-000,00000,000.00,000.0,000.0
,,'00:00:27.41, 012,-000,00000,000.00,000.0,000.0
,,'00:00:27.42, 011,-000,00000,000.00,000.0,000.0
,,'00:00:27.43, 010,-000,00000,000.00,000.0,000.0
,,'00:00:27.44, 010,-000,00000,000.00,000.0,000.0
,,'00:00:27.45, 010,-000,00000,000.00,000.0,000.0
,,'00:00:27.46, 010,-000,00000,000.00,000.0,000.0
,,'00:00:27.47, 009,-000,00000,000.00,000.0,000.0
,,'00:00:27.48, 009,-000,00000,000.00,000.0,000.0
,,'00:00:27.49, 008,-000,00000,000.00,000.0,000.0
,,'00:00:27.50, 008,-000,00000,000.00,000.0,000.0
,,'00:00:27.51, 008,-000,00000,000.00,000.0,000.0
,,'00:00:27.52, 008,-000,00000,000.00,000.0,000.0
,,'00:00:27.53, 008,-000,00000,000.00,000.0,000.0
,,'00:00:27.54,-000,-000,00000,000.00,000.0,000.0
,,'00:00:27.55,-000,-000,00000,000.00,000.0,000.0
,,'00:00:27.56,-002,-000,00000,000.00,000.0,000.0
,,'00:00:27.57,-005,-000,00000,000.00,000.0,000.0
,,'00:00:27.58,-005,-000,00000,000.00,000.0,000.0
,,'00:00:27.59,-005,-000,00000,000.00,000.0,000.0
,,'00:00:27.60,-005,-000,00000,000.00,000.0,000.0
,,'00:00:27.61,-019,-000,00000,000.00,000.0,000.0
,,'00:00:27.62,-020,-000,00000,000.00,000.0,000.0
,,'00:00:27.63,-023,-000,00000,000.00,000.0,000.0
,,'00:00:27.64,-026,-000,00000,000.00,000.0,000.0
,,'00:00:27.65,-026,-000,00000,000.00,000.0,000.0
,,'00:00:27.66,-026,-000,00000,000.00,000.0,000.0
,,'00:00:27.67,-026,-000,00000,000.00,000.0,000.0
,,'00:00:27.68,-041,-000,00000,000.00,000.0,000.0
,,'00:00:27.69,-042,-000,00000,000.00,000.0,000.0
,,'00:00:27.70,-045,-000,00000,000.00,000.0,000.0
,,'00:00:27.71,-047,-000,00000,000.00,000.0,000.0
,,'00:00:27.72,-047,-000,00000,000.00,000.0,000.0
,,'00:00:27.73,-047,-000,00000,000.00,000.0,000.0
,,'00:00:27.74,-047,-000,00000,000.00,000.0,000.0
,,'00:00:27.75,-056,-000,00000,000.00,000.0,000.0
,,'00:00:27.76,-056,-000,00000,000.00,000.0,000.0
,,'00:00:27.77,-057,-000,00000,000.00,000.0,000.0
,,'00:00:27.78,-059,-000,00000,000.00,000.0,000.0
,,'00:00:27.79,-059,-000,00000,000.00,000.0,000.0
,,'00:00:27.80,-059,-000,00000,000.00,000.0,000.0
,,'00:00:27.81,-059,-000,00000,000.00,000.0,000.0
,,'00:00:27.82,-060,-000,00000,000.00,000.0,000.0
,,'00:00:27.83,-060,-000,00000,000.00,000.0,000.0
,,'00:00:27.84,-059,-000,00000,000.00,000.0,000.0
,,'00:00:27.85,-055,-000,00000,000.00,000.0,000.0
,,'00:00:27.86,-055,-000,00000,000.00,000.0,000.0
,,'00:00:27.87,-055,-000,00000,000.00,000.0,000.0
,,'00:00:27.88,-055,-000,00000,000.00,000.0,000.0
,,'00:00:27.89,-034,-000,00000,000.00,000.0,000.0
,,'00:00:27.90,-033,-000,00000,000.00,000.0,000.0
,,'00:00:27.91,-030,-000,00000,000.00,000.0,000.0
,,'00:00:27.92,-027,-000,00000,000.00,000.0,000.0
,,'00:00:27.93,-027,-000,00000,000.00,000.0,000.0
,,'00:00:27.94,-027,-000,00000,000.00,000.0,000.0
,,'00:00:27.95,-027,-000,00000,000.00,000.0,000.0
,,'00:00:27.96,-018,-000,00000,000.00,000.0,000.0
,,'00:00:27.97,-017,-000,00000,000.00,000.0,000.0
,,'00:00:27.98,-015,-000,00000,000.00,000.0,000.0
,,'00:00:27.99,-013,-000,00000,000.00,000.0,000.0
,,'00:00:28.00,-013,-000,00000,000.00,000.0,000.0
,,'00:00:28.01,-013,-000,00000,000.00,000.0,000.0
,,'00:00:28.02,-013,-000,00000,000.00,000.0,000.0
,,'00:00:28.03,-006,-000,00000,000.00,000.0,000.0
,,'00:00:28.04,-006,-000,00000,000.00,000.0,000.0
,,'00:00:28.05,-006,-000,00000,000.00,000.0,000.0
,,'00:00:28.06,-006,-000,00000,000.00,000.0,000.0
,,'00:00:28.07,-006,-000,00000,000.00,000.0,000.0
,,'00:00:28.08,-006,-000,00000,000.00,000.0,000.0
,,'00:00:28.09,-006,-000,00000,000.00,000.0,000.0
,,'00:00:28.10,-018,-000,00000,000.00,000.0,000.0
,,'00:00:28.11,-021,-000,00000,000.00,000.0,000.0
,,'00:00:28.12,-025,-000,00000,000.00,000.0,000.0
,,'00:00:28.13,-030,-000,00000,000.00,000.0,000.0
,,'00:00:28.14,-030,-000,00000,000.00,000.0,000.0
,,'00:00:28.15,-030,-000,00000,000.00,000.0,000.0
,,'00:00:28.16,-030,-000,00000,000.00,000.0,000.0
,,'00:00:28.17,-047,-000,00000,000.00,000.0,000.0
,,'00:00:28.18,-048,-000,00000,000.00,000.0,000.0
,,'00:00:28.19,-050,-000,00000,000.00,000.0,000.0
,,'00:00:28.20,-051,-000,00000,000.00,000.0,000.0
,,'00:00:28.21,-051,-000,00000,000.00,000.0,000.0
,,'00:00:28.22,-051,-000,00000,000.00,000.0,000.0
,,'00:00:28.23,-051,-000,00000,000.00,000.0,000.0
,,'00:00:28.24,-056,-000,00000,000.00,000.0,000.0
,,'00:00:28.25,-056,-000,00000,000.00,000.0,000.0
,,'00:00:28.26,-056,-000,00000,000.00,000.0,000.0
,,'00:00:28.27,-055,-000,00000,000.00,000.0,000.0
,,'00:00:28.28,-055,-000,00000,000.00,000.0,000.0
,,'00:00:28.29,-055,-000,00000,000.00,000.0,000.0
,,'00:00:28.30,-055,-000,00000,000.00,000.0,000.0
,,'00:00:28.31,-043,-000,00000,000.00,000.0,000.0
,,'00:00:28.32,-041,-000,00000,000.00,000.0,000.0
,,'00:00:28.33,-036,-000,00000,000.00,000.0,000.0
,,'00:00:28.34,-033,-000,00000,000.00,000.0,000.0
,,'00:00:28.35,-033,-000,00000,000.00,000.0,000.0
,,'00:00:28.36,-033,-000,00000,000.00,000.0,000.0
,,'00:00:28.37,-033,-000,00000,000.00,000.0,000.0
,,'00:00:28.38,-019,-000,00000,000.00,000.0,000.0
,,'00:00:28.39,-019,-000,00000,000.00,000.0,000.0
,,'00:00:28.40,-016,-000,00000,000.00,000.0,000.0
,,'00:00:28.41,-014,-000,00000,000.00,000.0,000.0
,,'00:00:28.42,-014,-000,00000,000.00,000.0,000.0
,,'00:00:28.43,-014,-000,00000,000.00,000.0,000.0
,,'00:00:28.44,-014,-000,00000,000.00,000.0,000.0
,,'00:00:28.45,-008,-000,00000,000.00,000.0,000.0
,,'00:00:28.46,-009,-000,00000,000.00,000.0,000.0
,,'00:00:28.47,-013,-000,00000,000.00,000.0,000.0
,,'00:00:28.48,-018,-000,00000,000.00,000.0,000.0
,,'00:00:28.49,-018,-000,00000,000.00,000.0,000.0
,,'00:00:28.50,-018,-000,00000,000.00,000.0,000.0
,,'00:00:28.51,-018,-000,00000,000.00,000.0,000.0
,,'00:00:28.52,-042,-000,00000,000.00,000.0,000.0
,,'00:00:28.53,-043,-000,00000,000.00,000.0,000.0
,,'00:00:28.54,-047,-000,00000,000.00,000.0,000.0
,,'00:00:28.55,-050,-000,00000,000.00,000.0,000.0
,,'00:00:28.56,-050,-000,00000,000.00,000.0,000.0
,,'00:00:28.57,-050,-000,00000,000.00,000.0,000.0
,,'00:00:28.58,-050,-000,00000,000.00,000.0,000.0
,,'00:00:28.59,-059,-000,00000,000.00,000.0,000.0
,,'00:00:28.60,-059,-000,00000,000.00,000.0,000.0
,,'00:00:28.61,-060,-000,00000,000.00,000.0,000.0
,,'00:00:28.62,-060,-000,00000,000.00,000.0,000.0
,,'00:00:28.63,-060,-000,00000,000.00,000.0,000.0
,,'00:00:28.64,-060,-000,00000,000.00,000.0,000.0
,,'00:00:28.65,-060,-000,00000,000.00,000.0,000.0
,,'00:00:28.66,-052,-000,00000,000.00,000.0,000.0
,,'00:00:28.67,-051,-000,00000,000.00,000.0,000.0
,,'00:00:28.68,-046,-000,00000,000.00,000.0,000.0
,,'00:00:28.69,-038,-000,00000,000.00,000.0,000.0
,,'00:00:28.70,-038,-000,00000,000.00,000.0,000.0
,,'00:00:28.71,-038,-000,00000,000.00,000.0,000.0
,,'00:00:28.72,-038,-000,00000,000.00,000.0,000.0
,,'00:00:28.73,-008,-000,00000,000.00,000.0,000.0
,,'00:00:28.74,-007,-000,00000,000.00,000.0,000.0
,,'00:00:28.75,-003,-000,00000,000.00,000.0,000.0
,,'00:00:28.76,-000,-000,00000,000.00,000.0,000.0
,,'00:00:28.77,-000,-000,00000,000.00,000.0,000.0
,,'00:00:28.78,-000,-000,00000,000.00,000.0,000.0
,,'00:00:28.79,-000,-000,00000,000.00,000.0,000.0
,,'00:00:28.80,-000,-000,00000,000.00,000.0,000.0
,,'00:00:28.81,-000,-000,00000,000.00,000.0,000.0
,,'00:00:28.82, 001,-000,00000,000.00,000.0,000.0
,,'00:00:28.83, 004,-000,00000,000.00,000.0,000.0
,,'00:00:28.84, 004,-000,00000,000.00,000.0,000.0
,,'00:00:28.85, 004,-000,00000,000.00,000.0,000.0
,,'00:00:28.86, 004,-000,00000,000.00,000.0,000.0
,,'00:00:28.87, 024,-000,00000,000.00,000.0,000.0
,,'00:00:28.88, 025,-000,00000,000.00,000.0,000.0
,,'00:00:28.89, 029,-000,00000,000.00,000.0,000.0
,,'00:00:28.90, 032,-000,00000,000.00,000.0,000.0
,,'00:00:28.91, 032,-000,00000,000.00,000.0,000.0
,,'00:00:28.92, 032,-000,00000,000.00,000.0,000.0
,,'00:00:28.93, 032,-000,00000,000.00,000.0,000.0
,,'00:00:28.94, 045,-000,00000,000.00,000.0,000.0
,,'00:00:28.95, 045,-000,00000,000.00,000.0,000.0
,,'00:00:28.96, 048,-000,00000,000.00,000.0,000.0
,,'00:00:28.97, 050,-000,00000,000.00,000.0,000.0
,,'00:00:28.98, 050,-000,00000,000.00,000.0,000.0
,,'00:00:28.99, 050,-000,00000,000.00,000.0,000.0
,,'00:00:29.00, 050,-000,00000,000.00,000.0,000.0
,,'00:00:29.01, 058,-000,00000,000.00,000.0,000.0
,,'00:00:29.02, 059,-000,00000,000.00,000.0,000.0
,,'00:00:29.03, 059,-000,00000,000.00,000.0,000.0
,,'00:00:29.04, 060,-000,00000,000.00,000.0,000.0
,,'00:00:29.05, 060,-000,00000,000.00,000.0,000.0
,,'00:00:29.06, 060,-000,00000,000.00,000.0,000.0
,,'00:00:29.07, 060,-000,00000,000.00,000.0,000.0
,,'00:00:29.08, 058,-000,00000,000.00,000.0,000.0
,,'00:00:29.09, 057,-000,00000,000.00,000.0,000.0
,,'00:00:29.10, 056,-000,00000,000.00,000.0,000.0
,,'00:00:29.11, 053,-000,00000,000.00,000.0,000.0
,,'00:00:29.12, 053,-000,00000,000.00,000.0,000.0
,,'00:00:29.13, 053,-000,00000,000.00,000.0,000.0
,,'00:00:29.14, 053,-000,00000,000.00,000.0,000.0
,,'00:00:29.15, 031,-000,00000,000.00,000.0,000.0
,,'00:00:29.16, 030,-000,00000,000.00,000.0,000.0
,,'00:00:29.17, 025,-000,00000,000.00,000.0,000.0
,,'00:00:29.18, 019,-000,00000,000.00,000.0,000.0
,,'00:00:29.19, 019,-000,00000,000.00,000.0,000.0
,,'00:00:29.20, 019,-000,00000,000.00,000.0,000.0
,,'00:00:29.21, 019,-000,00000,000.00,000.0,000.0
,,'00:00:29.22,-000,-000,00000,000.00,000.0,000.0
,,'00:00:29.23,-000,-000,00000,000.00,000.0,000.0
,,'00:00:29.24,-000,-000,00000,000.00,000.0,000.0
,,'00:00:29.25,-000,-000,00000,000.00,000.0,000.0
,,'00:00:29.26,-000,-000,00000,000.00,000.0,000.0
,,'00:00:29.27,-000,-000,00000,000.00,000.0,000.0
,,'00:00:29.28,-000,-000,00000,000.00,000.0,000.0
,,'00:00:29.29, 008,-000,00000,000.00,000.0,000.0
,,'00:00:29.30, 011,-000,00000,000.00,000.0,000.0
,,'00:00:29.31, 016,-000,00000,000.00,000.0,000.0
,,'00:00:29.32, 016,-000,00000,000.00,000.0,000.0
,,'00:00:29.33, 016,-000,00000,000.00,000.0,000.0
,,'00:00:29.34, 016,-000,00000,000.00,000.0,000.0
,,'00:00:29.35, 032,-000,00000,000.00,000.0,000.0
,,'00:00:29.36, 033,-000,00000,000.00,000.0,000.0
,,'00:00:29.37, 035,-000,00000,000.00,000.0,000.0
,,'00:00:29.38, 035,-000,00000,000.00,000.0,000.0
,,'00:00:29.39, 039,-000,00000,000.00,000.0,000.0
,,'00:00:29.40, 040,-000,00000,000.00,000.0,000.0
,,'00:00:29.41, 041,-000,00000,000.00,000.0,000.0
,,'00:00:29.42, 042,-000,00000,000.00,000.0,000.0
,,'00:00:29.43, 042,-000,00000,000.00,000.0,000.0
,,'00:00:29.44, 042,-000,00000,000.00,000.0,000.0
,,'00:00:29.45, 042,-000,00000,000.00,000.0,000.0
,,'00:00:29.46, 040,-000,00000,000.00,000.0,000.0
,,'00:00:29.47, 037,-000,00000,000.00,000.0,000.0
,,'00:00:29.48, 037,-000,00000,000.00,000.0,000.0
,,'00:00:29.49, 022,-000,00000,000.00,000.0,000.0
,,'00:00:29.50, 020,-000,00000,000.00,000.0,000.0
,,'00:00:29.51, 012,-000,00000,000.00,000.0,000.0
,,'00:00:29.52, 003,-000,00000,000.00,000.0,000.0
,,'00:00:29.53, 003,-000,00000,000.00,000.0,000.0
,,'00:00:29.54,-001,-000,00000,000.00,000.0,000.0
,,'00:00:29.55,-001,-000,00000,000.00,000.0,000.0
,,'00:00:29.56,-001,-000,00000,000.00,000.0,000.0
,,'00:00:29.57,-001,-000,00000,000.00,000.0,000.0
,,'00:00:29.58,-001,-000,00000,000.00,000.0,000.0
,,'00:00:29.59,-003,-000,00000,000.00,000.0,000.0
,,'00:00:29.60,-004,-000,00000,000.00,000.0,000.0
,,'00:00:29.61,-006,-000,00000,000.00,000.0,000.0
,,'00:00:29.62,-007,-000,00000,000.00,000.0,000.0
,,'00:00:29.63,-007,-000,00000,000.00,000.0,000.0
,,'00:00:29.64,-012,-000,00000,000.00,000.0,000.0
,,'00:00:29.65,-014,-000,00000,000.00,000.0,000.0
,,'00:00:29.66,-017,-000,00000,000.00,000.0,000.0
,,'00:00:29.67,-020,-000,00000,000.00,000.0,000.0
,,'00:00:29.68,-020,-000,00000,000.00,000.0,000.0
,,'00:00:29.69,-025,-000,00000,000.00,000.0,000.0
,,'00:00:29.70,-026,-000,00000,000.00,000.0,000.0
,,'00:00:29.71,-028,-000,00000,000.00,000.0,000.0
,,'00:00:29.72,-030,-000,00000,000.00,000.0,000.0
,,'00:00:29.73,-030,-000,00000,000.00,000.0,000.0
,,'00:00:29.74,-036,-000,00000,000.00,000.0,000.0
,,'00:00:29.75,-037,-000,00000,000.00,000.0,000.0
,,'00:00:29.76,-039,-000,00000,000.00,000.0,000.0
,,'00:00:29.77,-042,-000,00000,000.00,000.0,000.0
,,'00:00:29.78,-042,-000,00000,000.00,000.0,000.0
,,'00:00:29.79,-047,-000,00000,000.00,000.0,000.0
,,'00:00:29.80,-047,-000,00000,000.00,000.0,000.0
,,'00:00:29.81,-049,-000,00000,000.00,000.0,000.0
,,'00:00:29.82,-050,-000,00000,000.00,000.0,000.0
,,'00:00:29.83,-050,-000,00000,000.00,000.0,000.0
,,'00:00:29.84,-053,-000,00000,000.00,000.0,000.0
,,'00:00:29.85,-054,-000,00000,000.00,000.0,000.0
,,'00:00:29.86,-055,-000,00000,000.00,000.0,000.0
,,'00:00:29.87,-056,-000,00000,000.00,000.0,000.0
,,'00:00:29.88,-056,-000,00000,000.00,000.0,000.0
,,'00:00:29.89,-059,-000,00000,000.00,000.0,000.0
,,'00:00:29.90,-060,-000,00000,000.00,000.0,000.0
,,'00:00:29.91,-061,-000,00000,000.00,000.0,000.0
,,'00:00:29.92,-061,-000,00000,000.00,000.0,000.0
,,'00:00:29.93,-061,-000,00000,000.00,000.0,000.0
,,'00:00:29.94,-061,-000,00000,000.00,000.0,000.0
,,'00:00:29.95,-061,-000,00000,000.00,000.0,000.0
,,'00:00:29.96,-060,-000,00000,000.00,000.0,000.0
,,'00:00:29.97,-061,-000,00000,000.00,000.0,000.0
,,'00:00:29.98,-061,-000,00000,000.00,000.0,000.0
,,'00:00:29.99,-062,-000,00000,000.00,000.0,000.0
,,'00:00:30.00,-063,-000,00000,000.00,000.0,000.0
,,'00:00:30.01,-063,-000,00000,000.00,000.0,000.0
,,'00:00:30.02,-064,-000,00000,000.00,000.0,000.0
,,'00:00:30.03,-064,-000,00000,000.00,000.0,000.0
L005,'00:00:03.83,'00:00:30.04,-065,-000,00000,000.00,000.0,000.0
,,'00:00:30.05,-065,-000,00000,000.00,000.0,000.0
,,'00:00:30.06,-064,-000,00000,000.00,000.0,000.0
,,'00:00:30.07,-064,-000,00000,000.00,000.0,000.0
,,'00:00:30.08,-064,-000,00000,000.00,000.0,000.0
,,'00:00:30.09,-064,-000,00000,000.00,000.0,000.0
,,'00:00:30.10,-064,-000,00000,000.00,000.0,000.0
,,'00:00:30.11,-063,-000,00000,000.00,000.0,000.0
,,'00:00:30.12,-063,-000,00000,000.00,000.0,000.0
,,'00:00:30.13,-062,-000,00000,000.00,000.0,000.0
,,'00:00:30.14,-061,-000,00000,000.00,000.0,000.0
,,'00:00:30.15,-061,-000,00000,000.00,000.0,000.0
,,'00:00:30.16,-061,-000,00000,000.00,000.0,000.0
,,'00:00:30.17,-061,-000,00000,000.00,000.0,000.0
,,'00:00:30.18,-043,-000,00000,000.00,000.0,000.0
,,'00:00:30.19,-038,-000,00000,000.00,000.0,000.0
,,'00:00:30.20,-033,-000,00000,000.00,000.0,000.0
,,'00:00:30.21,-028,-000,00000,000.00,000.0,000.0
,,'00:00:30.22,-028,-000,00000,000.00,000.0,000.0
,,'00:00:30.23,-028,-000,00000,000.00,000.0,000.0
,,'00:00:30.24,-028,-000,00000,000.00,000.0,000.0
,,'00:00:30.25,-015,-000,00000,000.00,000.0,000.0
,,'00:00:30.26,-015,-000,00000,000.00,000.0,000.0
,,'00:00:30.27,-014,-000,00000,000.00,000.0,000.0
,,'00:00:30.28,-013,-000,00000,000.00,000.0,000.0
,,'00:00:30.29,-013,-000,00000,000.00,000.0,000.0
,,'00:00:30.30,-013,-000,00000,000.00,000.0,000.0
,,'00:00:30.31,-013,-000,00000,000.00,000.0,000.0
,,'00:00:30.32,-005,-000,00000,000.00,000.0,000.0
,,'00:00:30.33,-004,-000,00000,000.00,000.0,000.0
,,'00:00:30.34,-001,-000,00000,000.00,000.0,000.0
,,'00:00:30.35,-000,-000,00000,000.00,000.0,000.0
,,'00:00:30.36,-000,-000,00000,000.00,000.0,000.0
,,'00:00:30.37,-000,-000,00000,000.00,000.0,000.0
,,'00:00:30.38,-000,-000,00000,000.00,000.0,000.0
,,'00:00:30.39,-002,-000,00000,000.00,000.0,000.0
,,'00:00:30.40,-003,-000,00000,000.00,000.0,000.0
,,'00:00:30.41,-008,-000,00000,000.00,000.0,000.0
,,'00:00:30.42,-013,-000,00000,000.00,000.0,000.0
,,'00:00:30.43,-013,-000,00000,000.00,000.0,000.0
,,'00:00:30.44,-013,-000,00000,000.00,000.0,000.0
,,'00:00:30.45,-013,-000,00000,000.00,000.0,000.0
,,'00:00:30.46,-039,-000,00000,000.00,000.0,000.0
,,'00:00:30.47,-040,-000,00000,000.00,000.0,000.0
,,'00:00:30.48,-045,-000,00000,000.00,000.0,000.0
,,'00:00:30.49,-049,-000,00000,000.00,000.0,000.0
,,'00:00:30.50,-049,-000,00000,000.00,000.0,000.0
,,'00:00:30.51,-049,-000,00000,000.00,000.0,000.0
,,'00:00:30.52,-049,-000,00000,000.00,000.0,000.0
,,'00:00:30.53,-057,-000,00000,000.00,000.0,000.0
,,'00:00:30.54,-057,-000,00000,000.00,000.0,000.0
,,'00:00:30.55,-057,-000,00000,000.00,000.0,000.0
,,'00:00:30.56,-055,-000,00000,000.00,000.0,000.0
,,'00:00:30.57,-055,-000,00000,000.00,000.0,000.0
,,'00:00:30.58,-055,-000,00000,000.00,000.0,000.0
,,'00:00:30.59,-055,-000,00000,000.00,000.0,000.0
,,'00:00:30.60,-033,-000,00000,000.00,000.0,000.0
,,'00:00:30.61,-031,-000,00000,000.00,000.0,000.0
,,'00:00:30.62,-026,-000,00000,000.00,000.0,000.0
,,'00:00:30.63,-022,-000,00000,000.00,000.0,000.0
,,'00:00:30.64,-022,-000,00000,000.00,000.0,000.0
,,'00:00:30.65,-022,-000,00000,000.00,000.0,000.0
,,'00:00:30.66,-022,-000,00000,000.00,000.0,000.0
,,'00:00:30.67,-002,-000,00000,000.00,000.0,000.0
,,'00:00:30.68,-000,-000,00000,000.00,000.0,000.0
,,'00:00:30.69,-000,-000,00000,000.00,000.0,000.0
,,'00:00:30.70,-000,-000,00000,000.00,000.0,000.0
,,'00:00:30.71,-000,-000,00000,000.00,000.0,000.0
,,'00:00:30.72,-000,-000,00000,000.00,000.0,000.0
,,'00:00:30.73,-000,-000,00000,000.00,000.0,000.0
,,'00:00:30.74,-000,-000,00000,000.00,000.0,000.0
,,'00:00:30.75, 001,-000,00000,000.00,000.0,000.0
,,'00:00:30.76, 002,-000,00000,000.00,000.0,000.0
,,'00:00:30.77, 003,-000,00000,000.00,000.0,000.0
,,'00:00:30.78, 003,-000,00000,000.00,000.0,000.0
,,'00:00:30.79, 003,-000,00000,000.00,000.0,000.0
,,'00:00:30.80, 003,-000,00000,000.00,000.0,000.0
,,'00:00:30.81, 011,-000,00000,000.00,000.0,000.0
,,'00:00:30.82, 012,-000,00000,000.00,000.0,000.0
,,'00:00:30.83, 014,-000,00000,000.00,000.0,000.0
,,'00:00:30.84, 016,-000,00000,000.00,000.0,000.0
,,'00:00:30.85, 016,-000,00000,000.00,000.0,000.0
,,'00:00:30.86, 016,-000,00000,000.00,000.0,000.0
,,'00:00:30.87, 016,-000,00000,000.00,000.0,000.0
,,'00:00:30.88, 030,-000,00000,000.00,000.0,000.0
,,'00:00:30.89, 030,-000,00000,000.00,000.0,000.0
,,'00:00:30.90, 033,-000,00000,000.00,000.0,000.0
,,'00:00:30.91, 035,-000,00000,000.00,000.0,000.0
,,'00:00:30.92, 035,-000,00000,000.00,000.0,000.0
,,'00:00:30.93, 035,-000,00000,000.00,000.0,000.0
,,'00:00:30.94, 035,-000,00000,000.00,000.0,000.0
,,'00:00:30.95, 043,-000,00000,000.00,000.0,000.0
,,'00:00:30.96, 043,-000,00000,000.00,000.0,000.0
,,'00:00:30.97, 044,-000,00000,000.00,000.0,000.0
,,'00:00:30.98, 044,-000,00000,000.00,000.0,000.0
,,'00:00:30.99, 044,-000,00000,000.00,000.0,000.0
,,'00:00:31.00, 044,-000,00000,000.00,000.0,000.0
,,'00:00:31.01, 044,-000,00000,000.00,000.0,000.0
,,'00:00:31.02, 047,-000,00000,000.00,000.0,000.0
,,'00:00:31.03, 047,-000,00000,000.00,000.0,000.0
,,'00:00:31.04, 046,-000,00000,000.00,000.0,000.0
,,'00:00:31.05, 045,-000,00000,000.00,000.0,000.0
,,'00:00:31.06, 045,-000,00000,000.00,000.0,000.0
,,'00:00:31.07, 045,-000,00000,000.00,000.0,000.0
,,'00:00:31.08, 045,-000,00000,000.00,000.0,000.0
,,'00:00:31.09, 021,-000,00000,000.00,000.0,000.0
,,'00:00:31.10, 019,-000,00000,000.00,000.0,000.0
,,'00:00:31.11, 014,-000,00000,000.00,000.0,000.0
,,'00:00:31.12, 008,-000,00000,000.00,000.0,000.0
,,'00:00:31.13, 008,-000,00000,000.00,000.0,000.0
,,'00:00:31.14, 008,-000,00000,000.00,000.0,000.0
,,'00:00:31.15, 008,-000,00000,000.00,000.0,000.0
,,'00:00:31.16,-000,-000,00000,000.00,000.0,000.0
,,'00:00:31.17,-000,-000,00000,000.00,000.0,000.0
,,'00:00:31.18,-000,-000,00000,000.00,000.0,000.0
,,'00:00:31.19, 002,-000,00000,000.00,000.0,000.0
,,'00:00:31.20, 002,-000,00000,000.00,000.0,000.0
,,'00:00:31.21, 002,-000,00000,000.00,000.0,000.0
,,'00:00:31.22, 002,-000,00000,000.00,000.0,000.0
,,'00:00:31.23, 019,-000,00000,000.00,000.0,000.0
,,'00:00:31.24, 020,-000,00000,000.00,000.0,000.0
,,'00:00:31.25, 024,-000,00000,000.00,000.0,000.0
,,'00:00:31.26, 027,-000,00000,000.00,000.0,000.0
,,'00:00:31.27, 027,-000,00000,000.00,000.0,000.0
,,'00:00:31.28, 027,-000,00000,000.00,000.0,000.0
,,'00:00:31.29, 027,-000,00000,000.00,000.0,000.0
,,'00:00:31.30, 039,-000,00000,000.00,000.0,000.0
,,'00:00:31.31, 040,-000,00000,000.00,000.0,000.0
,,'00:00:31.32, 041,-000,00000,000.00,000.0,000.0
,,'00:00:31.33, 042,-000,00000,000.00,000.0,000.0
,,'00:00:31.34, 042,-000,00000,000.00,000.0,000.0
,,'00:00:31.35, 042,-000,00000,000.00,000.0,000.0
,,'00:00:31.36, 042,-000,00000,000.00,000.0,000.0
,,'00:00:31.37, 041,-000,00000,000.00,000.0,000.0
,,'00:00:31.38, 040,-000,00000,000.00,000.0,000.0
,,'00:00:31.39, 039,-000,00000,000.00,000.0,000.0
,,'00:00:31.40, 035,-000,00000,000.00,000.0,000.0
,,'00:00:31.41, 035,-000,00000,000.00,000.0,000.0
,,'00:00:31.42, 035,-000,00000,000.00,000.0,000.0
,,'00:00:31.43, 035,-000,00000,000.00,000.0,000.0
,,'00:00:31.44, 008,-000,00000,000.00,000.0,000.0
,,'00:00:31.45, 006,-000,00000,000.00,000.0,000.0
,,'00:00:31.46, 003,-000,00000,000.00,000.0,000.0
,,'00:00:31.47,-000,-000,00000,000.00,000.0,000.0
,,'00:00:31.48,-000,-000,00000,000.00,000.0,000.0
,,'00:00:31.49,-000,-000,00000,000.00,000.0,000.0
,,'00:00:31.50,-000,-000,00000,000.00,000.0,000.0
,,'00:00:31.51,-000,-000,00000,000.00,000.0,000.0
,,'00:00:31.52,-001,-000,00000,000.00,000.0,000.0
,,'00:00:31.53,-001,-000,00000,000.00,000.0,000.0
,,'00:00:31.54,-001,-000,00000,000.00,000.0,000.0
,,'00:00:31.55,-001,-000,00000,000.00,000.0,000.0
,,'00:00:31.56,-001,-000,00000,000.00,000.0,000.0
,,'00:00:31.57,-001,-000,00000,000.00,000.0,000.0
,,'00:00:31.58,-009,-000,00000,000.00,000.0,000.0
,,'00:00:31.59,-010,-000,00000,000.00,000.0,000.0
,,'00:00:31.60,-014,-000,00000,000.00,000.0,000.0
,,'00:00:31.61,-019,-000,00000,000.00,000.0,000.0
,,'00:00:31.62,-019,-000,00000,000.00,000.0,000.0
,,'00:00:31.63,-019,-000,00000,000.00,000.0,000.0
,,'00:00:31.64,-019,-000,00000,000.00,000.0,000.0
,,'00:00:31.65,-041,-000,00000,000.00,000.0,000.0
,,'00:00:31.66,-042,-000,00000,000.00,000.0,000.0
,,'00:00:31.67,-045,-000,00000,000.00,000.0,000.0
,,'00:00:31.68,-049,-000,00000,000.00,000.0,000.0
,,'00:00:31.69,-049,-000,00000,000.00,000.0,000.0
,,'00:00:31.70,-049,-000,00000,000.00,000.0,000.0
,,'00:00:31.71,-049,-000,00000,000.00,000.0,000.0
,,'00:00:31.72,-060,-000,00000,000.00,000.0,000.0
,,'00:00:31.73,-061,-000,00000,000.00,000.0,000.0
,,'00:00:31.74,-062,-000,00000,000.00,000.0,000.0
,,'00:00:31.75,-064,-000,00000,000.00,000.0,000.0
,,'00:00:31.76,-064,-000,00000,000.00,000.0,000.0
,,'00:00:31.77,-064,-000,00000,000.00,000.0,000.0
,,'00:00:31.78,-064,-000,00000,000.00,000.0,000.0
,,'00:00:31.79,-065,-000,00000,000.00,000.0,000.0
,,'00:00:31.80,-065,-000,00000,000.00,000.0,000.0
,,'00:00:31.81,-063,-000,00000,000.00,000.0,000.0
,,'00:00:31.82,-059,-000,00000,000.00,000.0,000.0
,,'00:00:31.83,-059,-000,00000,000.00,000.0,000.0
,,'00:00:31.84,-059,-000,00000,000.00,000.0,000.0
,,'00:00:31.85,-059,-000,00000,000.00,000.0,000.0
,,'00:00:31.86,-045,-000,00000,000.00,000.0,000.0
,,'00:00:31.87,-045,-000,00000,000.00,000.0,000.0
,,'00:00:31.88,-044,-000,00000,000.00,000.0,000.0
,,'00:00:31.89,-044,-000,00000,000.00,000.0,000.0
,,'00:00:31.90,-044,-000,00000,000.00,000.0,000.0
,,'00:00:31.91,-044,-000,00000,000.00,000.0,000.0
,,'00:00:31.92,-044,-000,00000,000.00,000.0,000.0
,,'00:00:31.93,-040,-000,00000,000.00,000.0,000.0
,,'00:00:31.94,-039,-000,00000,000.00,000.0,000.0
,,'00:00:31.95,-037,-000,00000,000.00,000.0,000.0
,,'00:00:31.96,-034,-000,00000,000.00,000.0,000.0
,,'00:00:31.97,-034,-000,00000,000.00,000.0,000.0
,,'00:00:31.98,-034,-000,00000,000.00,000.0,000.0
,,'00:00:31.99,-034,-000,00000,000.00,000.0,000.0
,,'00:00:32.00,-028,-000,00000,000.00,000.0,000.0
,,'00:00:32.01,-028,-000,00000,000.00,000.0,000.0
,,'00:00:32.02,-030,-000,00000,000.00,000.0,000.0
,,'00:00:32.03,-032,-000,00000,000.00,000.0,000.0
,,'00:00:32.04,-032,-000,00000,000.00,000.0,000.0
,,'00:00:32.05,-032,-000,00000,000.00,000.0,000.0
,,'00:00:32.06,-032,-000,00000,000.00,000.0,000.0
,,'00:00:32.07,-051,-000,00000,000.00,000.0,000.0
,,'00:00:32.08,-053,-000,00000,000.00,000.0,000.0
,,'00:00:32.09,-056,-000,00000,000.00,000.0,000.0
,,'00:00:32.10,-060,-000,00000,000.00,000.0,000.0
,,'00:00:32.11,-060,-000,00000,000.00,000.0,000.0
,,'00:00:32.12,-060,-000,00000,000.00,000.0,000.0
,,'00:00:32.13,-060,-000,00000,000.00,000.0,000.0
,,'00:00:32.14,-071,-000,00000,000.00,000.0,000.0
,,'00:00:32.15,-072,-000,00000,000.00,000.0,000.0
,,'00:00:32.16,-072,-000,00000,000.00,000.0,000.0
,,'00:00:32.17,-072,-000,00000,000.00,000.0,000.0
,,'00:00:32.18,-072,-000,00000,000.00,000.0,000.0
,,'00:00:32.19,-072,-000,00000,000.00,000.0,000.0
,,'00:00:32.20,-072,-000,00000,000.00,000.0,000.0
,,'00:00:32.21,-051,-000,00000,000.00,000.0,000.0
,,'00:00:32.22,-051,-000,00000,000.00,000.0,000.0
,,'00:00:32.23,-041,-000,00000,000.00,000.0,000.0
,,'00:00:32.24,-028,-000,00000,000.00,000.0,000.0
,,'00:00:32.25,-028,-000,00000,000.00,000.0,000.0
,,'00:00:32.26,-028,-000,00000,000.00,000.0,000.0
,,'00:00:32.27,-028,-000,00000,000.00,000.0,000.0
,,'00:00:32.28,-000,-000,00000,000.00,000.0,000.0
,,'00:00:32.29,-000,-000,00000,000.00,000.0,000.0
,,'00:00:32.30,-000,-000,00000,000.00,000.0,000.0
,,'00:00:32.31,-000,-000,00000,000.00,000.0,000.0
,,'00:00:32.32,-000,-000,00000,000.00,000.0,000.0
,,'00:00:32.33,-000,-000,00000,000.00,000.0,000.0
,,'00:00:32.34,-000,-000,00000,000.00,000.0,000.0
,,'00:00:32.35, 008,-000,00000,000.00,000.0,000.0
,,'00:00:32.36, 008,-000,00000,000.00,000.0,000.0
,,'00:00:32.37, 012,-000,00000,000.00,000.0,000.0
,,'00:00:32.38, 015,-000,00000,000.00,000.0,000.0
,,'00:00:32.39, 015,-000,00000,000.00,000.0,000.0
,,'00:00:32.40, 015,-000,00000,000.00,000.0,000.0
,,'00:00:32.41, 015,-000,00000,000.00,000.0,000.0
,,'00:00:32.42, 024,-000,00000,000.00,000.0,000.0
,,'00:00:32.43, 025,-000,00000,000.00,000.0,000.0
,,'00:00:32.44, 027,-000,00000,000.00,000.0,000.0
,,'00:00:32.45, 030,-000,00000,000.00,000.0,000.0
,,'00:00:32.46, 030,-000,00000,000.00,000.0,000.0
,,'00:00:32.47, 030,-000,00000,000.00,000.0,000.0
,,'00:00:32.48, 030,-000,00000,000.00,000.0,000.0
,,'00:00:32.49, 037,-000,00000,000.00,000.0,000.0
,,'00:00:32.50, 037,-000,00000,000.00,000.0,000.0
,,'00:00:32.51, 038,-000,00000,000.00,000.0,000.0
,,'00:00:32.52, 037,-000,00000,000.00,000.0,000.0
,,'00:00:32.53, 037,-000,00000,000.00,000.0,000.0
,,'00:00:32.54, 037,-000,00000,000.00,000.0,000.0
,,'00:00:32.55, 037,-000,00000,000.00,000.0,000.0
,,'00:00:32.56, 020,-000,00000,000.00,000.0,000.0
,,'00:00:32.57, 018,-000,00000,000.00,000.0,000.0
,,'00:00:32.58, 010,-000,00000,000.00,000.0,000.0
,,'00:00:32.59,-000,-000,00000,000.00,000.0,000.0
,,'00:00:32.60,-000,-000,00000,000.00,000.0,000.0
,,'00:00:32.61,-000,-000,00000,000.00,000.0,000.0
,,'00:00:32.62,-000,-000,00000,000.00,000.0,000.0
,,'00:00:32.63,-007,-000,00000,000.00,000.0,000.0
,,'00:00:32.64,-008,-000,00000,000.00,000.0,000.0
,,'00:00:32.65,-011,-000,00000,000.00,000.0,000.0
,,'00:00:32.66,-015,-000,00000,000.00,000.0,000.0
,,'00:00:32.67,-015,-000,00000,000.00,000.0,000.0
,,'00:00:32.68,-015,-000,00000,000.00,000.0,000.0
,,'00:00:32.69,-015,-000,00000,000.00,000.0,000.0
,,'00:00:32.70,-031,-000,00000,000.00,000.0,000.0
,,'00:00:32.71,-032,-000,00000,000.00,000.0,000.0
,,'00:00:32.72,-033,-000,00000,000.00,000.0,000.0
,,'00:00:32.73,-033,-000,00000,000.00,000.0,000.0
,,'00:00:32.74,-033,-000,00000,000.00,000.0,000.0
,,'00:00:32.75,-033,-000,00000,000.00,000.0,000.0
,,'00:00:32.76,-033,-000,00000,000.00,000.0,000.0
,,'00:00:32.77,-020,-000,00000,000.00,000.0,000.0
,,'00:00:32.78,-019,-000,00000,000.00,000.0,000.0
,,'00:00:32.79,-011,-000,00000,000.00,000.0,000.0
,,'00:00:32.80,-006,-000,00000,000.00,000.0,000.0
,,'00:00:32.81,-006,-000,00000,000.00,000.0,000.0
,,'00:00:32.82,-006,-000,00000,000.00,000.0,000.0
,,'00:00:32.83,-006,-000,00000,000.00,000.0,000.0
,,'00:00:32.84,-000,-000,00000,000.00,000.0,000.0
,,'00:00:32.85,-000,-000,00000,000.00,000.0,000.0
,,'00:00:32.86,-000,-000,00000,000.00,000.0,000.0
,,'00:00:32.87,-000,-000,00000,000.00,000.0,000.0
,,'00:00:32.88,-000,-000,00000,000.00,000.0,000.0
,,'00:00:32.89,-000,-000,00000,000.00,000.0,000.0
,,'00:00:32.90,-000,-000,00000,000.00,000.0,000.0
,,'00:00:32.91,-001,-000,00000,000.00,000.0,000.0
,,'00:00:32.92,-001,-000,00000,000.00,000.0,000.0
,,'00:00:32.93,-002,-000,00000,000.00,000.0,000.0
,,'00:00:32.94,-007,-000,00000,000.00,000.0,000.0
,,'00:00:32.95,-007,-000,00000,000.00,000.0,000.0
,,'00:00:32.96,-007,-000,00000,000.00,000.0,000.0
,,'00:00:32.97,-007,-000,00000,000.00,000.0,000.0
,,'00:00:32.98,-028,-000,00000,000.00,000.0,000.0
,,'00:00:32.99,-029,-000,00000,000.00,000.0,000.0
,,'00:00:33.00,-030,-000,00000,000.00,000.0,000.0
,,'00:00:33.01,-031,-000,00000,000.00,000.0,000.0
,,'00:00:33.02,-031,-000,00000,000.00,000.0,000.0
,,'00:00:33.03,-031,-000,00000,000.00,000.0,000.0
,,'00:00:33.04,-031,-000,00000,000.00,000.0,000.0
,,'00:00:33.05,-018,-000,00000,000.00,000.0,000.0
,,'00:00:33.06,-015,-000,00000,000.00,000.0,000.0
,,'00:00:33.07,-008,-000,00000,000.00,000.0,000.0
,,'00:00:33.08,-000,-000,00000,000.00,000.0,000.0
,,'00:00:33.09,-000,-000,00000,000.00,000.0,000.0
,,'00:00:33.10,-000,-000,00000,000.00,000.0,000.0
,,'00:00:33.11,-000,-000,00000,000.00,000.0,000.0
L006,'00:00:03.08,'00:00:33.12, 012,-000,00000,000.00,000.0,000.0
,,'00:00:33.13, 014,-000,00000,000.00,000.0,000.0
,,'00:00:33.14, 016,-000,00000,000.00,000.0,000.0
,,'00:00:33.15, 016,-000,00000,000.00,000.0,000.0
,,'00:00:33.16, 016,-000,00000,000.00,000.0,000.0
,,'00:00:33.17, 013,-000,00000,000.00,000.0,000.0
,,'00:00:33.18, 009,-000,00000,000.00,000.0,000.0
,,'00:00:33.19, 004,-000,00000,000.00,000.0,000.0
,,'00:00:33.20,-001,-000,00000,000.00,000.0,000.0
,,'00:00:33.21,-001,-000,00000,000.00,000.0,000.0
,,'00:00:33.22,-001,-000,00000,000.00,000.0,000.0
,,'00:00:33.23,-001,-000,00000,000.00,000.0,000.0
,,'00:00:33.24,-028,-000,00000,000.00,000.0,000.0
,,'00:00:33.25,-031,-000,00000,000.00,000.0,000.0
,,'00:00:33.26,-035,-000,00000,000.00,000.0,000.0
,,'00:00:33.27,-037,-000,00000,000.00,000.0,000.0
,,'00:00:33.28,-037,-000,00000,000.00,000.0,000.0
,,'00:00:33.29,-037,-000,00000,000.00,000.0,000.0
,,'00:00:33.30,-037,-000,00000,000.00,000.0,000.0
,,'00:00:33.31,-040,-000,00000,000.00,000.0,000.0
,,'00:00:33.32,-040,-000,00000,000.00,000.0,000.0
,,'00:00:33.33,-039,-000,00000,000.00,000.0,000.0
,,'00:00:33.34,-039,-000,00000,000.00,000.0,000.0
,,'00:00:33.35,-039,-000,00000,000.00,000.0,000.0
,,'00:00:33.36,-039,-000,00000,000.00,000.0,000.0
,,'00:00:33.37,-039,-000,00000,000.00,000.0,000.0
,,'00:00:33.38,-043,-000,00000,000.00,000.0,000.0
,,'00:00:33.39,-043,-000,00000,000.00,000.0,000.0
,,'00:00:33.40,-044,-000,00000,000.00,000.0,000.0
,,'00:00:33.41,-044,-000,00000,000.00,000.0,000.0
,,'00:00:33.42,-044,-000,00000,000.00,000.0,000.0
,,'00:00:33.43,-044,-000,00000,000.00,000.0,000.0
,,'00:00:33.44,-044,-000,00000,000.00,000.0,000.0
,,'00:00:33.45,-032,-000,00000,000.00,000.0,000.0
,,'00:00:33.46,-032,-000,00000,000.00,000.0,000.0
,,'00:00:33.47,-029,-000,00000,000.00,000.0,000.0
,,'00:00:33.48,-027,-000,00000,000.00,000.0,000.0
,,'00:00:33.49,-027,-000,00000,000.00,000.0,000.0
,,'00:00:33.50,-027,-000,00000,000.00,000.0,000.0
,,'00:00:33.51,-027,-000,00000,000.00,000.0,000.0
,,'00:00:33.52,-024,-000,00000,000.00,000.0,000.0
,,'00:00:33.53,-025,-000,00000,000.00,000.0,000.0
,,'00:00:33.54,-025,-000,00000,000.00,000.0,000.0
,,'00:00:33.55,-026,-000,00000,000.00,000.0,000.0
,,'00:00:33.56,-026,-000,00000,000.00,000.0,000.0
,,'00:00:33.57,-026,-000,00000,000.00,000.0,000.0
,,'00:00:33.58,-026,-000,00000,000.00,000.0,000.0
,,'00:00:33.59,-043,-000,00000,000.00,000.0,000.0
,,'00:00:33.60,-044,-000,00000,000.00,000.0,000.0
,,'00:00:33.61,-047,-000,00000,000.00,000.0,000.0
,,'00:00:33.62,-049,-000,00000,000.00,000.0,000.0
,,'00:00:33.63,-049,-000,00000,000.00,000.0,000.0
,,'00:00:33.64,-049,-000,00000,000.00,000.0,000.0
,,'00:00:33.65,-049,-000,00000,000.00,000.0,000.0
,,'00:00:33.66,-060,-000,00000,000.00,000.0,000.0
,,'00:00:33.67,-060,-000,00000,000.00,000.0,000.0
,,'00:00:33.68,-062,-000,00000,000.00,000.0,000.0
,,'00:00:33.69,-063,-000,00000,000.00,000.0,000.0
,,'00:00:33.70,-063,-000,00000,000.00,000.0,000.0
,,'00:00:33.71,-063,-000,00000,000.00,000.0,000.0
,,'00:00:33.72,-063,-000,00000,000.00,000.0,000.0
,,'00:00:33.73,-054,-000,00000,000.00,000.0,000.0
,,'00:00:33.74,-052,-000,00000,000.00,000.0,000.0
,,'00:00:33.75,-046,-000,00000,000.00,000.0,000.0
,,'00:00:33.76,-039,-000,00000,000.00,000.0,000.0
,,'00:00:33.77,-039,-000,00000,000.00,000.0,000.0
,,'00:00:33.78,-039,-000,00000,000.00,000.0,000.0
,,'00:00:33.79,-039,-000,00000,000.00,000.0,000.0
,,'00:00:33.80,-017,-000,00000,000.00,000.0,000.0
,,'00:00:33.81,-017,-000,00000,000.00,000.0,000.0
,,'00:00:33.82,-013,-000,00000,000.00,000.0,000.0
,,'00:00:33.83,-010,-000,00000,000.00,000.0,000.0
,,'00:00:33.84,-010,-000,00000,000.00,000.0,000.0
,,'00:00:33.85,-010,-000,00000,000.00,000.0,000.0
,,'00:00:33.86,-010,-000,00000,000.00,000.0,000.0
,,'00:00:33.87,-000,-000,00000,000.00,000.0,000.0
,,'00:00:33.88,-000,-000,00000,000.00,000.0,000.0
,,'00:00:33.89,-000,-000,00000,000.00,000.0,000.0
,,'00:00:33.90,-000,-000,00000,000.00,000.0,000.0
,,'00:00:33.91,-000,-000,00000,000.00,000.0,000.0
,,'00:00:33.92,-000,-000,00000,000.00,000.0,000.0
,,'00:00:33.93,-000,-000,00000,000.00,000.0,000.0
,,'00:00:33.94,-000,-000,00000,000.00,000.0,000.0
,,'00:00:33.95,-000,-000,00000,000.00,000.0,000.0
,,'00:00:33.96,-000,-000,00000,000.00,000.0,000.0
,,'00:00:33.97,-000,-000,00000,000.00,000.0,000.0
,,'00:00:33.98,-000,-000,00000,000.00,000.0,000.0
,,'00:00:33.99,-000,-000,00000,000.00,000.0,000.0
,,'00:00:34.00,-000,-000,00000,000.00,000.0,000.0
,,'00:00:34.01, 009,-000,00000,000.00,000.0,000.0
,,'00:00:34.02, 010,-000,00000,000.00,000.0,000.0
,,'00:00:34.03, 013,-000,00000,000.00,000.0,000.0
,,'00:00:34.04, 015,-000,00000,000.00,000.0,000.0
,,'00:00:34.05, 015,-000,00000,000.00,000.0,000.0
,,'00:00:34.06, 015,-000,00000,000.00,000.0,000.0
,,'00:00:34.07, 015,-000,00000,000.00,000.0,000.0
,,'00:00:34.08, 025,-000,00000,000.00,000.0,000.0
,,'00:00:34.09, 025,-000,00000,000.00,000.0,000.0
,,'00:00:34.10, 026,-000,00000,000.00,000.0,000.0
,,'00:00:34.11, 026,-000,00000,000.00,000.0,000.0
,,'00:00:34.12, 026,-000,00000,000.00,000.0,000.0
,,'00:00:34.13, 026,-000,00000,000.00,000.0,000.0
,,'00:00:34.14, 026,-000,00000,000.00,000.0,000.0
,,'00:00:34.15, 021,-000,00000,000.00,000.0,000.0
,,'00:00:34.16, 020,-000,00000,000.00,000.0,000.0
,,'00:00:34.17, 016,-000,00000,000.00,000.0,000.0
,,'00:00:34.18, 009,-000,00000,000.00,000.0,000.0
,,'00:00:34.19, 009,-000,00000,000.00,000.0,000.0
,,'00:00:34.20, 009,-000,00000,000.00,000.0,000.0
,,'00:00:34.21, 009,-000,00000,000.00,000.0,000.0
,,'00:00:34.22,-007,-000,00000,000.00,000.0,000.0
,,'00:00:34.23,-008,-000,00000,000.00,000.0,000.0
,,'00:00:34.24,-008,-000,00000,000.00,000.0,000.0
,,'00:00:34.25,-009,-000,00000,000.00,000.0,000.0
,,'00:00:34.26,-009,-000,00000,000.00,000.0,000.0
,,'00:00:34.27,-009,-000,00000,000.00,000.0,000.0
,,'00:00:34.28,-009,-000,00000,000.00,000.0,000.0
,,'00:00:34.29,-020,-000,00000,000.00,000.0,000.0
,,'00:00:34.30,-021,-000,00000,000.00,000.0,000.0
,,'00:00:34.31,-024,-000,00000,000.00,000.0,000.0
,,'00:00:34.32,-027,-000,00000,000.00,000.0,000.0
,,'00:00:34.33,-027,-000,00000,000.00,000.0,000.0
,,'00:00:34.34,-027,-000,00000,000.00,000.0,000.0
,,'00:00:34.35,-027,-000,00000,000.00,000.0,000.0
,,'00:00:34.36,-036,-000,00000,000.00,000.0,000.0
,,'00:00:34.37,-036,-000,00000,000.00,000.0,000.0
,,'00:00:34.38,-037,-000,00000,000.00,000.0,000.0
,,'00:00:34.39,-037,-000,00000,000.00,000.0,000.0
,,'00:00:34.40,-037,-000,00000,000.00,000.0,000.0
,,'00:00:34.41,-037,-000,00000,000.00,000.0,000.0
,,'00:00:34.42,-037,-000,00000,000.00,000.0,000.0
,,'00:00:34.43,-031,-000,00000,000.00,000.0,000.0
,,'00:00:34.44,-030,-000,00000,000.00,000.0,000.0
,,'00:00:34.45,-026,-000,00000,000.00,000.0,000.0
,,'00:00:34.46,-019,-000,00000,000.00,000.0,000.0
,,'00:00:34.47,-019,-000,00000,000.00,000.0,000.0
,,'00:00:34.48,-019,-000,00000,000.00,000.0,000.0
,,'00:00:34.49,-019,-000,00000,000.00,000.0,000.0
,,'00:00:34.50,-000,-000,00000,000.00,000.0,000.0
,,'00:00:34.51,-000,-000,00000,000.00,000.0,000.0
,,'00:00:34.52,-000,-000,00000,000.00,000.0,000.0
,,'00:00:34.53,-000,-000,00000,000.00,000.0,000.0
,,'00:00:34.54,-000,-000,00000,000.00,000.0,000.0
,,'00:00:34.55,-000,-000,00000,000.00,000.0,000.0
,,'00:00:34.56,-000,-000,00000,000.00,000.0,000.0
,,'00:00:34.57,-000,-000,00000,000.00,000.0,000.0
,,'00:00:34.58,-000,-000,00000,000.00,000.0,000.0
,,'00:00:34.59,-000,-000,00000,000.00,000.0,000.0
,,'00:00:34.60,-000,-000,00000,000.00,000.0,000.0
,,'00:00:34.61,-000,-000,00000,000.00,000.0,000.0
,,'00:00:34.62,-000,-000,00000,000.00,000.0,000.0
,,'00:00:34.63,-000,-000,00000,000.00,000.0,000.0
,,'00:00:34.64, 007,-000,00000,000.00,000.0,000.0
,,'00:00:34.65, 008,-000,00000,000.00,000.0,000.0
,,'00:00:34.66, 012,-000,00000,000.00,000.0,000.0
,,'00:00:34.67, 016,-000,00000,000.00,000.0,000.0
,,'00:00:34.68, 016,-000,00000,000.00,000.0,000.0
,,'00:00:34.69, 016,-000,00000,000.00,000.0,000.0
,,'00:00:34.70, 016,-000,00000,000.00,000.0,000.0
,,'00:00:34.71, 036,-000,00000,000.00,000.0,000.0
,,'00:00:34.72, 037,-000,00000,000.00,000.0,000.0
,,'00:00:34.73, 040,-000,00000,000.00,000.0,000.0
,,'00:00:34.74, 043,-000,00000,000.00,000.0,000.0
,,'00:00:34.75, 043,-000,00000,000.00,000.0,000.0
,,'00:00:34.76, 043,-000,00000,000.00,000.0,000.0
,,'00:00:34.77, 043,-000,00000,000.00,000.0,000.0
,,'00:00:34.78, 050,-000,00000,000.00,000.0,000.0
,,'00:00:34.79, 050,-000,00000,000.00,000.0,000.0
,,'00:00:34.80, 050,-000,00000,000.00,000.0,000.0
,,'00:00:34.81, 050,-000,00000,000.00,000.0,000.0
,,'00:00:34.82, 050,-000,00000,000.00,000.0,000.0
,,'00:00:34.83, 050,-000,00000,000.00,000.0,000.0
,,'00:00:34.84, 050,-000,00000,000.00,000.0,000.0
,,'00:00:34.85, 039,-000,00000,000.00,000.0,000.0
,,'00:00:34.86, 038,-000,00000,000.00,000.0,000.0
,,'00:00:34.87, 033,-000,00000,000.00,000.0,000.0
,,'00:00:34.88, 028,-000,00000,000.00,000.0,000.0
,,'00:00:34.89, 028,-000,00000,000.00,000.0,000.0
,,'00:00:34.90, 028,-000,00000,000.00,000.0,000.0
,,'00:00:34.91, 028,-000,00000,000.00,000.0,000.0
,,'00:00:34.92, 001,-000,00000,000.00,000.0,000.0
,,'00:00:34.93,-000,-000,00000,000.00,000.0,000.0
,,'00:00:34.94,-001,-000,00000,000.00,000.0,000.0
,,'00:00:34.95,-001,-000,00000,000.00,000.0,000.0
,,'00:00:34.96,-001,-000,00000,000.00,000.0,000.0
,,'00:00:34.97,-001,-000,00000,000.00,000.0,000.0
,,'00:00:34.98,-001,-000,00000,000.00,000.0,000.0
,,'00:00:34.99,-013,-000,00000,000.00,000.0,000.0
,,'00:00:35.00,-013,-000,00000,000.00,000.0,000.0
,,'00:00:35.01,-016,-000,00000,000.00,000.0,000.0
,,'00:00:35.02,-020,-000,00000,000.00,000.0,000.0
,,'00:00:35.03,-020,-000,00000,000.00,000.0,000.0
,,'00:00:35.04,-020,-000,00000,000.00,000.0,000.0
,,'00:00:35.05,-020,-000,00000,000.00,000.0,000.0
,,'00:00:35.06,-038,-000,00000,000.00,000.0,000.0
,,'00:00:35.07,-039,-000,00000,000.00,000.0,000.0
,,'00:00:35.08,-041,-000,00000,000.00,000.0,000.0
,,'00:00:35.09,-043,-000,00000,000.00,000.0,000.0
,,'00:00:35.10,-043,-000,00000,000.00,000.0,000.0
,,'00:00:35.11,-043,-000,00000,000.00,000.0,000.0
,,'00:00:35.12,-043,-000,00000,000.00,000.0,000.0
,,'00:00:35.13,-049,-000,00000,000.00,000.0,000.0
,,'00:00:35.14,-050,-000,00000,000.00,000.0,000.0
,,'00:00:35.15,-051,-000,00000,000.00,000.0,000.0
,,'00:00:35.16,-053,-000,00000,000.00,000.0,000.0
,,'00:00:35.17,-053,-000,00000,000.00,000.0,000.0
,,'00:00:35.18,-053,-000,00000,000.00,000.0,000.0
,,'00:00:35.19,-053,-000,00000,000.00,000.0,000.0
,,'00:00:35.20,-060,-000,00000,000.00,000.0,000.0
,,'00:00:35.21,-060,-000,00000,000.00,000.0,000.0
,,'00:00:35.22,-060,-000,00000,000.00,000.0,000.0
,,'00:00:35.23,-059,-000,00000,000.00,000.0,000.0
,,'00:00:35.24,-059,-000,00000,000.00,000.0,000.0
,,'00:00:35.25,-059,-000,00000,000.00,000.0,000.0
,,'00:00:35.26,-059,-000,00000,000.00,000.0,000.0
,,'00:00:35.27,-052,-000,00000,000.00,000.0,000.0
,,'00:00:35.28,-052,-000,00000,000.00,000.0,000.0
,,'00:00:35.29,-050,-000,00000,000.00,000.0,000.0
,,'00:00:35.30,-047,-000,00000,000.00,000.0,000.0
,,'00:00:35.31,-047,-000,00000,000.00,000.0,000.0
,,'00:00:35.32,-047,-000,00000,000.00,000.0,000.0
,,'00:00:35.33,-047,-000,00000,000.00,000.0,000.0
,,'00:00:35.34,-028,-000,00000,000.00,000.0,000.0
,,'00:00:35.35,-027,-000,00000,000.00,000.0,000.0
,,'00:00:35.36,-023,-000,00000,000.00,000.0,000.0
,,'00:00:35.37,-020,-000,00000,000.00,000.0,000.0
,,'00:00:35.38,-020,-000,00000,000.00,000.0,000.0
,,'00:00:35.39,-020,-000,00000,000.00,000.0,000.0
,,'00:00:35.40,-020,-000,00000,000.00,000.0,000.0
,,'00:00:35.41,-006,-000,00000,000.00,000.0,000.0
,,'00:00:35.42,-006,-000,00000,000.00,000.0,000.0
,,'00:00:35.43,-004,-000,00000,000.00,000.0,000.0
,,'00:00:35.44,-004,-000,00000,000.00,000.0,000.0
,,'00:00:35.45,-004,-000,00000,000.00,000.0,000.0
,,'00:00:35.46,-004,-000,00000,000.00,000.0,000.0
,,'00:00:35.47,-004,-000,00000,000.00,000.0,000.0
,,'00:00:35.48,-003,-000,00000,000.00,000.0,000.0
,,'00:00:35.49,-004,-000,00000,000.00,000.0,000.0
,,'00:00:35.50,-005,-000,00000,000.00,000.0,000.0
,,'00:00:35.51,-007,-000,00000,000.00,000.0,000.0
,,'00:00:35.52,-007,-000,00000,000.00,000.0,000.0
,,'00:00:35.53,-007,-000,00000,000.00,000.0,000.0
,,'00:00:35.54,-007,-000,00000,000.00,000.0,000.0
,,'00:00:35.55,-033,-000,00000,000.00,000.0,000.0
,,'00:00:35.56,-035,-000,00000,000.00,000.0,000.0
,,'00:00:35.57,-040,-000,00000,000.00,000.0,000.0
,,'00:00:35.58,-044,-000,00000,000.00,000.0,000.0
,,'00:00:35.59,-044,-000,00000,000.00,000.0,000.0
,,'00:00:35.60,-044,-000,00000,000.00,000.0,000.0
,,'00:00:35.61,-044,-000,00000,000.00,000.0,000.0
,,'00:00:35.62,-053,-000,00000,000.00,000.0,000.0
,,'00:00:35.63,-053,-000,00000,000.00,000.0,000.0
,,'00:00:35.64,-054,-000,00000,000.00,000.0,000.0
,,'00:00:35.65,-055,-000,00000,000.00,000.0,000.0
,,'00:00:35.66,-055,-000,00000,000.00,000.0,000.0
,,'00:00:35.67,-055,-000,00000,000.00,000.0,000.0
,,'00:00:35.68,-055,-000,00000,000.00,000.0,000.0
,,'00:00:35.69,-049,-000,00000,000.00,000.0,000.0
,,'00:00:35.70,-048,-000,00000,000.00,000.0,000.0
,,'00:00:35.71,-044,-000,00000,000.00,000.0,000.0
,,'00:00:35.72,-039,-000,00000,000.00,000.0,000.0
,,'00:00:35.73,-039,-000,00000,000.00,000.0,000.0
,,'00:00:35.74,-039,-000,00000,000.00,000.0,000.0
,,'00:00:35.75,-039,-000,00000,000.00,000.0,000.0
,,'00:00:35.76,-009,-000,00000,000.00,000.0,000.0
,,'00:00:35.77,-008,-000,00000,000.00,000.0,000.0
,,'00:00:35.78,-005,-000,00000,000.00,000.0,000.0
,,'00:00:35.79,-004,-000,00000,000.00,000.0,000.0
,,'00:00:35.80,-004,-000,00000,000.00,000.0,000.0
,,'00:00:35.81,-004,-000,00000,000.00,000.0,000.0
,,'00:00:35.82,-004,-000,00000,000.00,000.0,000.0
,,'00:00:35.83,-000,-000,00000,000.00,000.0,000.0
,,'00:00:35.84,-000,-000,00000,000.00,000.0,000.0
,,'00:00:35.85,-000,-000,00000,000.00,000.0,000.0
,,'00:00:35.86,-000,-000,00000,000.00,000.0,000.0
,,'00:00:35.87,-000,-000,00000,000.00,000.0,000.0
,,'00:00:35.88,-000,-000,00000,000.00,000.0,000.0
,,'00:00:35.89,-000,-000,00000,000.00,000.0,000.0
,,'00:00:35.90, 006,-000,00000,000.00,000.0,000.0
,,'00:00:35.91, 007,-000,00000,000.00,000.0,000.0
,,'00:00:35.92, 008,-000,00000,000.00,000.0,000.0
,,'00:00:35.93, 010,-000,00000,000.00,000.0,000.0
,,'00:00:35.94, 010,-000,00000,000.00,000.0,000.0
,,'00:00:35.95, 010,-000,00000,000.00,000.0,000.0
,,'00:00:35.96, 010,-000,00000,000.00,000.0,000.0
,,'00:00:35.97, 022,-000,00000,000.00,000.0,000.0
,,'00:00:35.98, 023,-000,00000,000.00,000.0,000.0
,,'00:00:35.99, 024,-000,00000,000.00,000.0,000.0
,,'00:00:36.00, 025,-000,00000,000.00,000.0,000.0
,,'00:00:36.01, 025,-000,00000,000.00,000.0,000.0
,,'00:00:36.02, 025,-000,00000,000.00,000.0,000.0
,,'00:00:36.03, 025,-000,00000,000.00,000.0,000.0
,,'00:00:36.04, 028,-000,00000,000.00,000.0,000.0
,,'00:00:36.05, 028,-000,00000,000.00,000.0,000.0
,,'00:00:36.06, 028,-000,00000,000.00,000.0,000.0
,,'00:00:36.07, 029,-000,00000,000.00,000.0,000.0
,,'00:00:36.08, 029,-000,00000,000.00,000.0,000.0
,,'00:00:36.09, 029,-000,00000,000.00,000.0,000.0
,,'00:00:36.10, 029,-000,00000,000.00,000.0,000.0
,,'00:00:36.11, 024,-000,00000,000.00,000.0,000.0
,,'00:00:36.12, 022,-000,00000,000.00,000.0,000.0
,,'00:00:36.13, 018,-000,00000,000.00,000.0,000.0
,,'00:00:36.14, 012,-000,00000,000.00,000.0,000.0
,,'00:00:36.15, 012,-000,00000,000.00,000.0,000.0
,,'00:00:36.16, 012,-000,00000,000.00,000.0,000.0
,,'00:00:36.17, 012,-000,00000,000.00,000.0,000.0
,,'00:00:36.18,-001,-000,00000,000.00,000.0,000.0
,,'00:00:36.19,-001,-000,00000,000.00,000.0,000.0
,,'00:00:36.20,-001,-000,00000,000.00,000.0,000.0
,,'00:00:36.21,-001,-000,00000,000.00,000.0,000.0
,,'00:00:36.22,-001,-000,00000,000.00,000.0,000.0
,,'00:00:36.23,-002,-000,00000,000.00,000.0,000.0
,,'00:00:36.24,-002,-000,00000,000.00,000.0,000.0
,,'00:00:36.25,-002,-000,00000,000.00,000.0,000.0
,,'00:00:36.26,-002,-000,00000,000.00,000.0,000.0
,,'00:00:36.27,-002,-000,00000,000.00,000.0,000.0
,,'00:00:36.28,-004,-000,00000,000.00,000.0,000.0
,,'00:00:36.29,-005,-000,00000,000.00,000.0,000.0
,,'00:00:36.30,-005,-000,00000,000.00,000.0,000.0
,,'00:00:36.31,-005,-000,00000,000.00,000.0,000.0
,,'00:00:36.32,-005,-000,00000,000.00,000.0,000.0
,,'00:00:36.33,-004,-000,00000,000.00,000.0,000.0
,,'00:00:36.34,-004,-000,00000,000.00,000.0,000.0
,,'00:00:36.35,-002,-000,00000,000.00,000.0,000.0
,,'00:00:36.36,-001,-000,00000,000.00,000.0,000.0
,,'00:00:36.37,-001,-000,00000,000.00,000.0,000.0
,,'00:00:36.38,-000,-000,00000,000.00,000.0,000.0
,,'00:00:36.39,-000,-000,00000,000.00,000.0,000.0
,,'00:00:36.40,-000,-000,00000,000.00,000.0,000.0
,,'00:00:36.41,-000,-000,00000,000.00,000.0,000.0
,,'00:00:36.42,-000,-000,00000,000.00,000.0,000.0
,,'00:00:36.43,-000,-000,00000,000.00,000.0,000.0
,,'00:00:36.44,-000,-000,00000,000.00,000.0,000.0
,,'00:00:36.45,-000,-000,00000,000.00,000.0,000.0
,,'00:00:36.46,-000,-000,00000,000.00,000.0,000.0
,,'00:00:36.47,-000,-000,00000,000.00,000.0,000.0
,,'00:00:36.48,-000,-000,00000,000.00,000.0,000.0
,,'00:00:36.49,-000,-000,00000,000.00,000.0,000.0
,,'00:00:36.50,-000,-000,00000,000.00,000.0,000.0
,,'00:00:36.51,-000,-000,00000,000.00,000.0,000.0
,,'00:00:36.52,-000,-000,00000,000.00,000.0,000.0
,,'00:00:36.53,-000,-000,00000,000.00,000.0,000.0
,,'00:00:36.54,-000,-000,00000,000.00,000.0,000.0
,,'00:00:36.55,-000,-000,00000,000.00,000.0,000.0
,,'00:00:36.56,-000,-000,00000,000.00,000.0,000.0
,,'00:00:36.57,-000,-000,00000,000.00,000.0,000.0
,,'00:00:36.58,-000,-000,00000,000.00,000.0,000.0
,,'00:00:36.59,-000,-000,00000,000.00,000.0,000.0
,,'00:00:36.60,-000,-000,00000,000.00,000.0,000.0
,,'00:00:36.61,-000,-000,00000,000.00,000.0,000.0
,,'00:00:36.62,-000,-000,00000,000.00,000.0,000.0
,,'00:00:36.63,-000,-000,00000,000.00,000.0,000.0
,,'00:00:36.64,-000,-000,00000,000.00,000.0,000.0
,,'00:00:36.65,-000,-000,00000,000.00,000.0,000.0
,,'00:00:36.66,-000,-000,00000,000.00,000.0,000.0
,,'00:00:36.67,-000,-000,00000,000.00,000.0,000.0
,,'00:00:36.68,-000,-000,00000,000.00,000.0,000.0
,,'00:00:36.69,-000,-000,00000,000.00,000.0,000.0
,,'00:00:36.70,-000,-000,00000,000.00,000.0,000.0
,,'00:00:36.71,-000,-000,00000,000.00,000.0,000.0
,,'00:00:36.72,-000,-000,00000,000.00,000.0,000.0
,,'00:00:36.73,-000,-000,00000,000.00,000.0,000.0
,,'00:00:36.74,-000,-000,00000,000.00,000.0,000.0
,,'00:00:36.75,-000,-000,00000,000.00,000.0,000.0
,,'00:00:36.76,-000,-000,00000,000.00,000.0,000.0
L007,'00:00:03.65,'00:00:36.77,-000,-000,00000,000.00,000.0,000.0
,,'00:00:36.78,-000,-000,00000,000.00,000.0,000.0
,,'00:00:36.79,-000,-000,00000,000.00,000.0,000.0
,,'00:00:36.80,-000,-000,00000,000.00,000.0,000.0
,,'00:00:36.81,-000,-000,00000,000.00,000.0,000.0
,,'00:00:36.82,-000,-000,00000,000.00,000.0,000.0
,,'00:00:36.83,-000,-000,00000,000.00,000.0,000.0
,,'00:00:36.84,-000,-000,00000,000.00,000.0,000.0
,,'00:00:36.85,-000,-000,00000,000.00,000.0,000.0
,,'00:00:36.86,-000,-000,00000,000.00,000.0,000.0
,,'00:00:36.87,-000,-000,00000,000.00,000.0,000.0
,,'00:00:36.88,-000,-000,00000,000.00,000.0,000.0
,,'00:00:36.89,-000,-000,00000,000.00,000.0,000.0
,,'00:00:36.90,-000,-000,00000,000.00,000.0,000.0
,,'00:00:36.91,-000,-000,00000,000.00,000.0,000.0
,,'00:00:36.92,-000,-000,00000,000.00,000.0,000.0
,,'00:00:36.93,-000,-000,00000,000.00,000.0,000.0
,,'00:00:36.94,-000,-000,00000,000.00,000.0,000.0
,,'00:00:36.95,-000,-000,00000,000.00,000.0,000.0
,,'00:00:36.96,-000,-000,00000,000.00,000.0,000.0
,,'00:00:36.97,-000,-000,00000,000.00,000.0,000.0
,,'00:00:36.98,-000,-000,00000,000.00,000.0,000.0
,,'00:00:36.99,-000,-000,00000,000.00,000.0,000.0
,,'00:00:37.00,-000,-000,00000,000.00,000.0,000.0
,,'00:00:37.01,-000,-000,00000,000.00,000.0,000.0
,,'00:00:37.02,-000,-000,00000,000.00,000.0,000.0
,,'00:00:37.03,-000,-000,00000,000.00,000.0,000.0
,,'00:00:37.04,-000,-000,00000,000.00,000.0,000.0
,,'00:00:37.05,-000,-000,00000,000.00,000.0,000.0
,,'00:00:37.06,-000,-000,00000,000.00,000.0,000.0
,,'00:00:37.07,-000,-000,00000,000.00,000.0,000.0
,,'00:00:37.08,-000,-000,00000,000.00,000.0,000.0
,,'00:00:37.09,-000,-000,00000,000.00,000.0,000.0
,,'00:00:37.10,-000,-000,00000,000.00,000.0,000.0
,,'00:00:37.11,-000,-000,00000,000.00,000.0,000.0
,,'00:00:37.12,-000,-000,00000,000.00,000.0,000.0
,,'00:00:37.13,-000,-000,00000,000.00,000.0,000.0
,,'00:00:37.14,-000,-000,00000,000.00,000.0,000.0
,,'00:00:37.15,-000,-000,00000,000.00,000.0,000.0
,,'00:00:37.16,-000,-000,00000,000.00,000.0,000.0
,,'00:00:37.17,-000,-000,00000,000.00,000.0,000.0
,,'00:00:37.18,-000,-000,00000,000.00,000.0,000.0
,,'00:00:37.19,-000,-000,00000,000.00,000.0,000.0
,,'00:00:37.20,-000,-000,00000,000.00,000.0,000.0
,,'00:00:37.21,-000,-000,00000,000.00,000.0,000.0
,,'00:00:37.22,-000,-000,00000,000.00,000.0,000.0
,,'00:00:37.23,-000,-000,00000,000.00,000.0,000.0
,,'00:00:37.24,-000,-000,00000,000.00,000.0,000.0
,,'00:00:37.25,-000,-000,00000,000.00,000.0,000.0
,,'00:00:37.26,-000,-000,00000,000.00,000.0,000.0
,,'00:00:37.27,-000,-000,00000,000.00,000.0,000.0
,,'00:00:37.28,-000,-000,00000,000.00,000.0,000.0
,,'00:00:37.29,-000,-000,00000,000.00,000.0,000.0
,,'00:00:37.30,-000,-000,00000,000.00,000.0,000.0
,,'00:00:37.31,-000,-000,00000,000.00,000.0,000.0
,,'00:00:37.32,-000,-000,00000,000.00,000.0,000.0
,,'00:00:37.33,-000,-000,00000,000.00,000.0,000.0
,,'00:00:37.34,-000,-000,00000,000.00,000.0,000.0
,,'00:00:37.35,-000,-000,00000,000.00,000.0,000.0
,,'00:00:37.36,-000,-000,00000,000.00,000.0,000.0
,,'00:00:37.37,-000,-000,00000,000.00,000.0,000.0
,,'00:00:37.38,-000,-000,00000,000.00,000.0,000.0
,,'00:00:37.39,-000,-000,00000,000.00,000.0,000.0
,,'00:00:37.40,-000,-000,00000,000.00,000.0,000.0
,,'00:00:37.41,-000,-000,00000,000.00,000.0,000.0
,,'00:00:37.42,-000,-000,00000,000.00,000.0,000.0
,,'00:00:37.43,-000,-000,00000,000.00,000.0,000.0
,,'00:00:37.44,-000,-000,00000,000.00,000.0,000.0
,,'00:00:37.45,-000,-000,00000,000.00,000.0,000.0
,,'00:00:37.46,-000,-000,00000,000.00,000.0,000.0
,,'00:00:37.47, 002,-000,00000,000.00,000.0,000.0
,,'00:00:37.48, 003,-000,00000,000.00,000.0,000.0
,,'00:00:37.49, 005,-000,00000,000.00,000.0,000.0
,,'00:00:37.50, 008,-000,00000,000.00,000.0,000.0
,,'00:00:37.51, 008,-000,00000,000.00,000.0,000.0
,,'00:00:37.52, 008,-000,00000,000.00,000.0,000.0
,,'00:00:37.53, 008,-000,00000,000.00,000.0,000.0
,,'00:00:37.54, 029,-000,00000,000.00,000.0,000.0
,,'00:00:37.55, 030,-000,00000,000.00,000.0,000.0
,,'00:00:37.56, 032,-000,00000,000.00,000.0,000.0
,,'00:00:37.57, 035,-000,00000,000.00,000.0,000.0
,,'00:00:37.58, 035,-000,00000,000.00,000.0,000.0
,,'00:00:37.59, 035,-000,00000,000.00,000.0,000.0
,,'00:00:37.60, 035,-000,00000,000.00,000.0,000.0
,,'00:00:37.61, 042,-000,00000,000.00,000.0,000.0
,,'00:00:37.62, 042,-000,00000,000.00,000.0,000.0
,,'00:00:37.63, 041,-000,00000,000.00,000.0,000.0
,,'00:00:37.64, 040,-000,00000,000.00,000.0,000.0
,,'00:00:37.65, 040,-000,00000,000.00,000.0,000.0
,,'00:00:37.66, 040,-000,00000,000.00,000.0,000.0
,,'00:00:37.67, 040,-000,00000,000.00,000.0,000.0
,,'00:00:37.68, 012,-000,00000,000.00,000.0,000.0
,,'00:00:37.69, 009,-000,00000,000.00,000.0,000.0
,,'00:00:37.70,-000,-000,00000,000.00,000.0,000.0
,,'00:00:37.71,-001,-000,00000,000.00,000.0,000.0
,,'00:00:37.72,-001,-000,00000,000.00,000.0,000.0
,,'00:00:37.73,-001,-000,00000,000.00,000.0,000.0
,,'00:00:37.74,-001,-000,00000,000.00,000.0,000.0
,,'00:00:37.75,-006,-000,00000,000.00,000.0,000.0
,,'00:00:37.76,-006,-000,00000,000.00,000.0,000.0
,,'00:00:37.77,-008,-000,00000,000.00,000.0,000.0
,,'00:00:37.78,-009,-000,00000,000.00,000.0,000.0
,,'00:00:37.79,-009,-000,00000,000.00,000.0,000.0
,,'00:00:37.80,-009,-000,00000,000.00,000.0,000.0
,,'00:00:37.81,-009,-000,00000,000.00,000.0,000.0
,,'00:00:37.82,-018,-000,00000,000.00,000.0,000.0
,,'00:00:37.83,-019,-000,00000,000.00,000.0,000.0
,,'00:00:37.84,-021,-000,00000,000.00,000.0,000.0
,,'00:00:37.85,-024,-000,00000,000.00,000.0,000.0
,,'00:00:37.86,-024,-000,00000,000.00,000.0,000.0
,,'00:00:37.87,-024,-000,00000,000.00,000.0,000.0
,,'00:00:37.88,-024,-000,00000,000.00,000.0,000.0
,,'00:00:37.89,-036,-000,00000,000.00,000.0,000.0
,,'00:00:37.90,-037,-000,00000,000.00,000.0,000.0
,,'00:00:37.91,-039,-000,00000,000.00,000.0,000.0
,,'00:00:37.92,-041,-000,00000,000.00,000.0,000.0
,,'00:00:37.93,-041,-000,00000,000.00,000.0,000.0
,,'00:00:37.94,-041,-000,00000,000.00,000.0,000.0
,,'00:00:37.95,-041,-000,00000,000.00,000.0,000.0
,,'00:00:37.96,-049,-000,00000,000.00,000.0,000.0
,,'00:00:37.97,-050,-000,00000,000.00,000.0,000.0
,,'00:00:37.98,-051,-000,00000,000.00,000.0,000.0
,,'00:00:37.99,-052,-000,00000,000.00,000.0,000.0
,,'00:00:38.00,-052,-000,00000,000.00,000.0,000.0
,,'00:00:38.01,-052,-000,00000,000.00,000.0,000.0
,,'00:00:38.02,-052,-000,00000,000.00,000.0,000.0
,,'00:00:38.03,-053,-000,00000,000.00,000.0,000.0
,,'00:00:38.04,-052,-000,00000,000.00,000.0,000.0
,,'00:00:38.05,-051,-000,00000,000.00,000.0,000.0
,,'00:00:38.06,-049,-000,00000,000.00,000.0,000.0
,,'00:00:38.07,-049,-000,00000,000.00,000.0,000.0
,,'00:00:38.08,-049,-000,00000,000.00,000.0,000.0
,,'00:00:38.09,-049,-000,00000,000.00,000.0,000.0
,,'00:00:38.10,-027,-000,00000,000.00,000.0,000.0
,,'00:00:38.11,-025,-000,00000,000.00,000.0,000.0
,,'00:00:38.12,-017,-000,00000,000.00,000.0,000.0
,,'00:00:38.13,-011,-000,00000,000.00,000.0,000.0
,,'00:00:38.14,-011,-000,00000,000.00,000.0,000.0
,,'00:00:38.15,-011,-000,00000,000.00,000.0,000.0
,,'00:00:38.16,-011,-000,00000,000.00,000.0,000.0
,,'00:00:38.17,-000,-000,00000,000.00,000.0,000.0
,,'00:00:38.18,-000,-000,00000,000.00,000.0,000.0
,,'00:00:38.19,-000,-000,00000,000.00,000.0,000.0
,,'00:00:38.20,-000,-000,00000,000.00,000.0,000.0
,,'00:00:38.21,-000,-000,00000,000.00,000.0,000.0
,,'00:00:38.22,-000,-000,00000,000.00,000.0,000.0
,,'00:00:38.23,-000,-000,00000,000.00,000.0,000.0
,,'00:00:38.24, 010,-000,00000,000.00,000.0,000.0
,,'00:00:38.25, 011,-000,00000,000.00,000.0,000.0
,,'00:00:38.26, 013,-000,00000,000.00,000.0,000.0
,,'00:00:38.27, 017,-000,00000,000.00,000.0,000.0
,,'00:00:38.28, 017,-000,00000,000.00,000.0,000.0
,,'00:00:38.29, 017,-000,00000,000.00,000.0,000.0
,,'00:00:38.30, 017,-000,00000,000.00,000.0,000.0
,,'00:00:38.31, 025,-000,00000,000.00,000.0,000.0
,,'00:00:38.32, 026,-000,00000,000.00,000.0,000.0
,,'00:00:38.33, 026,-000,00000,000.00,000.0,000.0
,,'00:00:38.34, 027,-000,00000,000.00,000.0,000.0
,,'00:00:38.35, 027,-000,00000,000.00,000.0,000.0
,,'00:00:38.36, 027,-000,00000,000.00,000.0,000.0
,,'00:00:38.37, 027,-000,00000,000.00,000.0,000.0
,,'00:00:38.38, 027,-000,00000,000.00,000.0,000.0
,,'00:00:38.39, 027,-000,00000,000.00,000.0,000.0
,,'00:00:38.40, 025,-000,00000,000.00,000.0,000.0
,,'00:00:38.41, 022,-000,00000,000.00,000.0,000.0
,,'00:00:38.42, 022,-000,00000,000.00,000.0,000.0
,,'00:00:38.43, 022,-000,00000,000.00,000.0,000.0
,,'00:00:38.44, 022,-000,00000,000.00,000.0,000.0
,,'00:00:38.45,-000,-000,00000,000.00,000.0,000.0
,,'00:00:38.46,-001,-000,00000,000.00,000.0,000.0
,,'00:00:38.47,-001,-000,00000,000.00,000.0,000.0
,,'00:00:38.48,-002,-000,00000,000.00,000.0,000.0
,,'00:00:38.49,-002,-000,00000,000.00,000.0,000.0
,,'00:00:38.50,-002,-000,00000,000.00,000.0,000.0
,,'00:00:38.51,-002,-000,00000,000.00,000.0,000.0
,,'00:00:38.52,-012,-000,00000,000.00,000.0,000.0
,,'00:00:38.53,-013,-000,00000,000.00,000.0,000.0
,,'00:00:38.54,-016,-000,00000,000.00,000.0,000.0
,,'00:00:38.55,-019,-000,00000,000.00,000.0,000.0
,,'00:00:38.56,-019,-000,00000,000.00,000.0,000.0
,,'00:00:38.57,-019,-000,00000,000.00,000.0,000.0
,,'00:00:38.58,-019,-000,00000,000.00,000.0,000.0
,,'00:00:38.59,-028,-000,00000,000.00,000.0,000.0
,,'00:00:38.60,-028,-000,00000,000.00,000.0,000.0
,,'00:00:38.61,-028,-000,00000,000.00,000.0,000.0
,,'00:00:38.62,-027,-000,00000,000.00,000.0,000.0
,,'00:00:38.63,-027,-000,00000,000.00,000.0,000.0
,,'00:00:38.64,-027,-000,00000,000.00,000.0,000.0
,,'00:00:38.65,-027,-000,00000,000.00,000.0,000.0
,,'00:00:38.66,-005,-000,00000,000.00,000.0,000.0
,,'00:00:38.67,-003,-000,00000,000.00,000.0,000.0
,,'00:00:38.68,-000,-000,00000,000.00,000.0,000.0
,,'00:00:38.69,-000,-000,00000,000.00,000.0,000.0
,,'00:00:38.70,-000,-000,00000,000.00,000.0,000.0
,,'00:00:38.71,-000,-000,00000,000.00,000.0,000.0
,,'00:00:38.72,-000,-000,00000,000.00,000.0,000.0
,,'00:00:38.73, 004,-000,00000,000.00,000.0,000.0
,,'00:00:38.74, 004,-000,00000,000.00,000.0,000.0
,,'00:00:38.75, 006,-000,00000,000.00,000.0,000.0
,,'00:00:38.76, 008,-000,00000,000.00,000.0,000.0
,,'00:00:38.77, 008,-000,00000,000.00,000.0,000.0
,,'00:00:38.78, 008,-000,00000,000.00,000.0,000.0
,,'00:00:38.79, 008,-000,00000,000.00,000.0,000.0
,,'00:00:38.80, 009,-000,00000,000.00,000.0,000.0
,,'00:00:38.81, 008,-000,00000,000.00,000.0,000.0
,,'00:00:38.82, 004,-000,00000,000.00,000.0,000.0
,,'00:00:38.83,-000,-000,00000,000.00,000.0,000.0
,,'00:00:38.84,-000,-000,00000,000.00,000.0,000.0
,,'00:00:38.85,-000,-000,00000,000.00,000.0,000.0
,,'00:00:38.86,-000,-000,00000,000.00,000.0,000.0
,,'00:00:38.87,-002,-000,00000,000.00,000.0,000.0
,,'00:00:38.88,-002,-000,00000,000.00,000.0,000.0
,,'00:00:38.89,-003,-000,00000,000.00,000.0,000.0
,,'00:00:38.90,-003,-000,00000,000.00,000.0,000.0
,,'00:00:38.91,-003,-000,00000,000.00,000.0,000.0
,,'00:00:38.92,-003,-000,00000,000.00,000.0,000.0
,,'00:00:38.93,-003,-000,00000,000.00,000.0,000.0
,,'00:00:38.94,-001,-000,00000,000.00,000.0,000.0
,,'00:00:38.95,-001,-000,00000,000.00,000.0,000.0
,,'00:00:38.96,-001,-000,00000,000.00,000.0,000.0
,,'00:00:38.97,-000,-000,00000,000.00,000.0,000.0
,,'00:00:38.98,-000,-000,00000,000.00,000.0,000.0
,,'00:00:38.99,-000,-000,00000,000.00,000.0,000.0
,,'00:00:39.00,-000,-000,00000,000.00,000.0,000.0
,,'00:00:39.01,-000,-000,00000,000.00,000.0,000.0
,,'00:00:39.02,-000,-000,00000,000.00,000.0,000.0
,,'00:00:39.03,-000,-000,00000,000.00,000.0,000.0
,,'00:00:39.04,-000,-000,00000,000.00,000.0,000.0
,,'00:00:39.05,-000,-000,00000,000.00,000.0,000.0
,,'00:00:39.06,-000,-000,00000,000.00,000.0,000.0
,,'00:00:39.07,-000,-000,00000,000.00,000.0,000.0
,,'00:00:39.08,-000,-000,00000,000.00,000.0,000.0
,,'00:00:39.09,-000,-000,00000,000.00,000.0,000.0
,,'00:00:39.10,-000,-000,00000,000.00,000.0,000.0
,,'00:00:39.11,-000,-000,00000,000.00,000.0,000.0
,,'00:00:39.12,-000,-000,00000,000.00,000.0,000.0
,,'00:00:39.13,-000,-000,00000,000.00,000.0,000.0
,,'00:00:39.14,-000,-000,00000,000.00,000.0,000.0
,,'00:00:39.15,-000,-000,00000,000.00,000.0,000.0
,,'00:00:39.16,-000,-000,00000,000.00,000.0,000.0
,,'00:00:39.17,-000,-000,00000,000.00,000.0,000.0
,,'00:00:39.18,-000,-000,00000,000.00,000.0,000.0
,,'00:00:39.19,-000,-000,00000,000.00,000.0,000.0
,,'00:00:39.20,-000,-000,00000,000.00,000.0,000.0
,,'00:00:39.21,-000,-000,00000,000.00,000.0,000.0
,,'00:00:39.22,-000,-000,00000,000.00,000.0,000.0
,,'00:00:39.23,-000,-000,00000,000.00,000.0,000.0
,,'00:00:39.24,-000,-000,00000,000.00,000.0,000.0
,,'00:00:39.25,-000,-000,00000,000.00,000.0,000.0
,,'00:00:39.26,-000,-000,00000,000.00,000.0,000.0
,,'00:00:39.27,-000,-000,00000,000.00,000.0,000.0
,,'00:00:39.28,-000,-000,00000,000.00,000.0,000.0
,,'00:00:39.29,-000,-000,00000,000.00,000.0,000.0
,,'00:00:39.30,-000,-000,00000,000.00,000.0,000.0
,,'00:00:39.31,-000,-000,00000,000.00,000.0,000.0
,,'00:00:39.32,-000,-000,00000,000.00,000.0,000.0
,,'00:00:39.33,-000,-000,00000,000.00,000.0,000.0
,,'00:00:39.34,-000,-000,00000,000.00,000.0,000.0
,,'00:00:39.35,-000,-000,00000,000.00,000.0,000.0
,,'00:00:39.36,-000,-000,00000,000.00,000.0,000.0
,,'00:00:39.37,-000,-000,00000,000.00,000.0,000.0
,,'00:00:39.38,-000,-000,00000,000.00,000.0,000.0
,,'00:00:39.39,-000,-000,00000,000.00,000.0,000.0
,,'00:00:39.40,-000,-000,00000,000.00,000.0,000.0
,,'00:00:39.41,-000,-000,00000,000.00,000.0,000.0
,,'00:00:39.42,-000,-000,00000,000.00,000.0,000.0
,,'00:00:39.43,-000,-000,00000,000.00,000.0,000.0
,,'00:00:39.44,-000,-000,00000,000.00,000.0,000.0
,,'00:00:39.45,-000,-000,00000,000.00,000.0,000.0
,,'00:00:39.46,-000,-000,00000,000.00,000.0,000.0
,,'00:00:39.47,-000,-000,00000,000.00,000.0,000.0
,,'00:00:39.48,-000,-000,00000,000.00,000.0,000.0
,,'00:00:39.49,-000,-000,00000,000.00,000.0,000.0
,,'00:00:39.50,-000,-000,00000,000.00,000.0,000.0
,,'00:00:39.51,-000,-000,00000,000.00,000.0,000.0
,,'00:00:39.52,-000,-000,00000,000.00,000.0,000.0
,,'00:00:39.53,-000,-000,00000,000.00,000.0,000.0
,,'00:00:39.54,-000,-000,00000,000.00,000.0,000.0
,,'00:00:39.55,-000,-000,00000,000.00,000.0,000.0
,,'00:00:39.56,-000,-000,00000,000.00,000.0,000.0
,,'00:00:39.57,-000,-000,00000,000.00,000.0,000.0
,,'00:00:39.58,-000,-000,00000,000.00,000.0,000.0
,,'00:00:39.59,-000,-000,00000,000.00,000.0,000.0
,,'00:00:39.60,-000,-000,00000,000.00,000.0,000.0
,,'00:00:39.61,-000,-000,00000,000.00,000.0,000.0
,,'00:00:39.62,-000,-000,00000,000.00,000.0,000.0
,,'00:00:39.63,-000,-000,00000,000.00,000.0,000.0
,,'00:00:39.64,-000,-000,00000,000.00,000.0,000.0
,,'00:00:39.65,-000,-000,00000,000.00,000.0,000.0
,,'00:00:39.66,-000,-000,00000,000.00,000.0,000.0
,,'00:00:39.67,-000,-000,00000,000.00,000.0,000.0
,,'00:00:39.68,-000,-000,00000,000.00,000.0,000.0
,,'00:00:39.69,-000,-000,00000,000.00,000.0,000.0
,,'00:00:39.70,-000,-000,00000,000.00,000.0,000.0
,,'00:00:39.71,-000,-000,00000,000.00,000.0,000.0
,,'00:00:39.72,-000,-000,00000,000.00,000.0,000.0
,,'00:00:39.73,-000,-000,00000,000.00,000.0,000.0
,,'00:00:39.74,-000,-000,00000,000.00,000.0,000.0
,,'00:00:39.75,-000,-000,00000,000.00,000.0,000.0
,,'00:00:39.76,-000,-000,00000,000.00,000.0,000.0
,,'00:00:39.77,-000,-000,00000,000.00,000.0,000.0
,,'00:00:39.78,-000,-000,00000,000.00,000.0,000.0
,,'00:00:39.79,-000,-000,00000,000.00,000.0,000.0
,,'00:00:39.80,-000,-000,00000,000.00,000.0,000.0
,,'00:00:39.81,-000,-000,00000,000.00,000.0,000.0
,,'00:00:39.82,-000,-000,00000,000.00,000.0,000.0
,,'00:00:39.83,-000,-000,00000,000.00,000.0,000.0
,,'00:00:39.84,-000,-000,00000,000.00,000.0,000.0
,,'00:00:39.85,-000,-000,00000,000.00,000.0,000.0
,,'00:00:39.86,-000,-000,00000,000.00,000.0,000.0
,,'00:00:39.87,-000,-000,00000,000.00,000.0,000.0
,,'00:00:39.88,-000,-000,00000,000.00,000.0,000.0
,,'00:00:39.89,-000,-000,00000,000.00,000.0,000.0
,,'00:00:39.90,-000,-000,00000,000.00,000.0,000.0
,,'00:00:39.91,-000,-000,00000,000.00,000.0,000.0
,,'00:00:39.92,-000,-000,00000,000.00,000.0,000.0
,,'00:00:39.93,-000,-000,00000,000.00,000.0,000.0
,,'00:00:39.94,-000,-000,00000,000.00,000.0,000.0
,,'00:00:39.95,-000,-000,00000,000.00,000.0,000.0
,,'00:00:39.96,-000,-000,00000,000.00,000.0,000.0
,,'00:00:39.97,-000,-000,00000,000.00,000.0,000.0
,,'00:00:39.98,-000,-000,00000,000.00,000.0,000.0
,,'00:00:39.99,-000,-000,00000,000.00,000.0,000.0
,,'00:00:40.00,-000,-000,00000,000.00,000.0,000.0
,,'00:00:40.01,-000,-000,00000,000.00,000.0,000.0
,,'00:00:40.02,-000,-000,00000,000.00,000.0,000.0
,,'00:00:40.03,-000,-000,00000,000.00,000.0,000.0
,,'00:00:40.04,-000,-000,00000,000.00,000.0,000.0
,,'00:00:40.05,-000,-000,00000,000.00,000.0,000.0
,,'00:00:40.06,-000,-000,00000,000.00,000.0,000.0
,,'00:00:40.07,-000,-000,00000,000.00,000.0,000.0
,,'00:00:40.08,-001,-000,00000,000.00,000.0,000.0
,,'00:00:40.09,-001,-000,00000,000.00,000.0,000.0
,,'00:00:40.10,-001,-000,00000,000.00,000.0,000.0
,,'00:00:40.11,-000,-000,00000,000.00,000.0,000.0
,,'00:00:40.12,-000,-000,00000,000.00,000.0,000.0
,,'00:00:40.13,-000,-000,00000,000.00,000.0,000.0
,,'00:00:40.14,-000,-000,00000,000.00,000.0,000.0
,,'00:00:40.15,-001,-000,00000,000.00,000.0,000.0
,,'00:00:40.16,-001,-000,00000,000.00,000.0,000.0
,,'00:00:40.17,-001,-000,00000,000.00,000.0,000.0
,,'00:00:40.18,-001,-000,00000,000.00,000.0,000.0
,,'00:00:40.19,-001,-000,00000,000.00,000.0,000.0
,,'00:00:40.20,-003,-000,00000,000.00,000.0,000.0
,,'00:00:40.21,-003,-000,00000,000.00,000.0,000.0
,,'00:00:40.22,-005,-000,00000,000.00,000.0,000.0
,,'00:00:40.23,-006,-000,00000,000.00,000.0,000.0
,,'00:00:40.24,-006,-000,00000,000.00,000.0,000.0
,,'00:00:40.25,-008,-000,00000,000.00,000.0,000.0
,,'00:00:40.26,-009,-000,00000,000.00,000.0,000.0
,,'00:00:40.27,-009,-000,00000,000.00,000.0,000.0
,,'00:00:40.28,-010,-000,00000,000.00,000.0,000.0
,,'00:00:40.29,-010,-000,00000,000.00,000.0,000.0
,,'00:00:40.30,-010,-000,00000,000.00,000.0,000.0
,,'00:00:40.31,-010,-000,00000,000.00,000.0,000.0
,,'00:00:40.32,-010,-000,00000,000.00,000.0,000.0
,,'00:00:40.33,-010,-000,00000,000.00,000.0,000.0
,,'00:00:40.34,-010,-000,00000,000.00,000.0,000.0
,,'00:00:40.35,-008,-000,00000,000.00,000.0,000.0
,,'00:00:40.36,-008,-000,00000,000.00,000.0,000.0
,,'00:00:40.37,-007,-000,00000,000.00,000.0,000.0
,,'00:00:40.38,-005,-000,00000,000.00,000.0,000.0
,,'00:00:40.39,-005,-000,00000,000.00,000.0,000.0
,,'00:00:40.40,-000,-000,00000,000.00,000.0,000.0
,,'00:00:40.41,-001,-000,00000,000.00,000.0,000.0
,,'00:00:40.42,-001,-000,00000,000.00,000.0,000.0
,,'00:00:40.43,-001,-000,00000,000.00,000.0,000.0
,,'00:00:40.44,-001,-000,00000,000.00,000.0,000.0
,,'00:00:40.45,-001,-000,00000,000.00,000.0,000.0
,,'00:00:40.46,-000,-000,00000,000.00,000.0,000.0
,,'00:00:40.47,-001,-000,00000,000.00,000.0,000.0
,,'00:00:40.48,-001,-000,00000,000.00,000.0,000.0
,,'00:00:40.49,-001,-000,00000,000.00,000.0,000.0
,,'00:00:40.50,-000,-000,00000,000.00,000.0,000.0
,,'00:00:40.51,-001,-000,00000,000.00,000.0,000.0
,,'00:00:40.52,-000,-000,00000,000.00,000.0,000.0
,,'00:00:40.53,-000,-000,00000,000.00,000.0,000.0
,,'00:00:40.54,-000,-000,00000,000.00,000.0,000.0
,,'00:00:40.55,-000,-000,00000,000.00,000.0,000.0
,,'00:00:40.56,-000,-000,00000,000.00,000.0,000.0
,,'00:00:40.57,-000,-000,00000,000.00,000.0,000.0
,,'00:00:40.58,-000,-000,00000,000.00,000.0,000.0
,,'00:00:40.59,-000,-000,00000,000.00,000.0,000.0
,,'00:00:40.60,-000,-000,00000,000.00,000.0,000.0
,,'00:00:40.61,-000,-000,00000,000.00,000.0,000.0
,,'00:00:40.62,-001,-000,00000,000.00,000.0,000.0
,,'00:00:40.63,-001,-000,00000,000.00,000.0,000.0
,,'00:00:40.64,-001,-000,00000,000.00,000.0,000.0
,,'00:00:40.65,-000,-000,00000,000.00,000.0,000.0
,,'00:00:40.66,-001,-000,00000,000.00,000.0,000.0
,,'00:00:40.67,-000,-000,00000,000.00,000.0,000.0
,,'00:00:40.68,-001,-000,00000,000.00,000.0,000.0
,,'00:00:40.69,-001,-000,00000,000.00,000.0,000.0
,,'00:00:40.70,-001,-000,00000,000.00,000.0,000.0
,,'00:00:40.71,-001,-000,00000,000.00,000.0,000.0
,,'00:00:40.72,-000,-000,00000,000.00,000.0,000.0
,,'00:00:40.73,-001,-000,00000,000.00,000.0,000.0
,,'00:00:40.74,-001,-000,00000,000.00,000.0,000.0
,,'00:00:40.75,-001,-000,00000,000.00,000.0,000.0
,,'00:00:40.76,-001,-000,00000,000.00,000.0,000.0
,,'00:00:40.77,-001,-000,00000,000.00,000.0,000.0
,,'00:00:40.78,-000,-000,00000,000.00,000.0,000.0
,,'00:00:40.79,-000,-000,00000,000.00,000.0,000.0
,,'00:00:40.80,-001,-000,00000,000.00,000.0,000.0
,,'00:00:40.81,-001,-000,00000,000.00,000.0,000.0
,,'00:00:40.82,-001,-000,00000,000.00,000.0,000.0
,,'00:00:40.83,-001,-000,00000,000.00,000.0,000.0
,,'00:00:40.84,-001,-000,00000,000.00,000.0,000.0
,,'00:00:40.85,-001,-000,00000,000.00,000.0,000.0
,,'00:00:40.86,-000,-000,00000,000.00,000.0,000.0
,,'00:00:40.87,-001,-000,00000,000.00,000.0,000.0
,,'00:00:40.88,-001,-000,00000,000.00,000.0,000.0
,,'00:00:40.89,-001,-000,00000,000.00,000.0,000.0
,,'00:00:40.90,-001,-000,00000,000.00,000.0,000.0
,,'00:00:40.91,-001,-000,00000,000.00,000.0,000.0
,,'00:00:40.92,-001,-000,00000,000.00,000.0,000.0
,,'00:00:40.93,-001,-000,00000,000.00,000.0,000.0
,,'00:00:40.94,-001,-000,00000,000.00,000.0,000.0
,,'00:00:40.95,-001,-000,00000,000.00,000.0,000.0
,,'00:00:40.96,-000,-000,00000,000.00,000.0,000.0
,,'00:00:40.97,-001,-000,00000,000.00,000.0,000.0
,,'00:00:40.98,-001,-000,00000,000.00,000.0,000.0
,,'00:00:40.99,-001,-000,00000,000.00,000.0,000.0
,,'00:00:41.00,-001,-000,00000,000.00,000.0,000.0
,,'00:00:41.01,-001,-000,00000,000.00,000.0,000.0
,,'00:00:41.02,-001,-000,00000,000.00,000.0,000.0
,,'00:00:41.03,-001,-000,00000,000.00,000.0,000.0
,,'00:00:41.04,-001,-000,00000,000.00,000.0,000.0
,,'00:00:41.05,-001,-000,00000,000.00,000.0,000.0
,,'00:00:41.06,-001,-000,00000,000.00,000.0,000.0
,,'00:00:41.07,-000,-000,00000,000.00,000.0,000.0
,,'00:00:41.08,-001,-000,00000,000.00,000.0,000.0
,,'00:00:41.09,-001,-000,00000,000.00,000.0,000.0
,,'00:00:41.10,-000,-000,00000,000.00,000.0,000.0
,,'00:00:41.11,-001,-000,00000,000.00,000.0,000.0
,,'00:00:41.12,-000,-000,00000,000.00,000.0,000.0
,,'00:00:41.13,-001,-000,00000,000.00,000.0,000.0
,,'00:00:41.14,-001,-000,00000,000.00,000.0,000.0
,,'00:00:41.15,-001,-000,00000,000.00,000.0,000.0
,,'00:00:41.16,-001,-000,00000,000.00,000.0,000.0
,,'00:00:41.17,-001,-000,00000,000.00,000.0,000.0
,,'00:00:41.18,-001,-000,00000,000.00,000.0,000.0
,,'00:00:41.19,-001,-000,00000,000.00,000.0,000.0
,,'00:00:41.20,-000,-000,00000,000.00,000.0,000.0
,,'00:00:41.21,-001,-000,00000,000.00,000.0,000.0
,,'00:00:41.22,-000,-000,00000,000.00,000.0,000.0
,,'00:00:41.23,-000,-000,00000,000.00,000.0,000.0
,,'00:00:41.24,-000,-000,00000,000.00,000.0,000.0
,,'00:00:41.25,-001,-000,00000,000.00,000.0,000.0
,,'00:00:41.26,-001,-000,00000,000.00,000.0,000.0
,,'00:00:41.27,-000,-000,00000,000.00,000.0,000.0
,,'00:00:41.28,-001,-000,00000,000.00,000.0,000.0
,,'00:00:41.29,-001,-000,00000,000.00,000.0,000.0
,,'00:00:41.30,-001,-000,00000,000.00,000.0,000.0
,,'00:00:41.31,-000,-000,00000,000.00,000.0,000.0
,,'00:00:41.32,-001,-000,00000,000.00,000.0,000.0
,,'00:00:41.33,-001,-000,00000,000.00,000.0,000.0
,,'00:00:41.34,-001,-000,00000,000.00,000.0,000.0
,,'00:00:41.35,-001,-000,00000,000.00,000.0,000.0
,,'00:00:41.36,-001,-000,00000,000.00,000.0,000.0
,,'00:00:41.37,-001,-000,00000,000.00,000.0,000.0
,,'00:00:41.38,-001,-000,00000,000.00,000.0,000.0
,,'00:00:41.39,-001,-000,00000,000.00,000.0,000.0
,,'00:00:41.40,-001,-000,00000,000.00,000.0,000.0
,,'00:00:41.41,-001,-000,00000,000.00,000.0,000.0
,,'00:00:41.42,-001,-000,00000,000.00,000.0,000.0
,,'00:00:41.43,-001,-000,00000,000.00,000.0,000.0
,,'00:00:41.44,-001,-000,00000,000.00,000.0,000.0
,,'00:00:41.45,-001,-000,00000,000.00,000.0,000.0
,,'00:00:41.46,-000,-000,00000,000.00,000.0,000.0
,,'00:00:41.47,-001,-000,00000,000.00,000.0,000.0
,,'00:00:41.48,-001,-000,00000,000.00,000.0,000.0
,,'00:00:41.49,-001,-000,00000,000.00,000.0,000.0
,,'00:00:41.50,-001,-000,00000,000.00,000.0,000.0
,,'00:00:41.51,-001,-000,00000,000.00,000.0,000.0
,,'00:00:41.52,-001,-000,00000,000.00,000.0,000.0
,,'00:00:41.53,-001,-000,00000,000.00,000.0,000.0
,,'00:00:41.54,-001,-000,00000,000.00,000.0,000.0
,,'00:00:41.55,-001,-000,00000,000.00,000.0,000.0
,,'00:00:41.56,-000,-000,00000,000.00,000.0,000.0
,,'00:00:41.57,-001,-000,00000,000.00,000.0,000.0
,,'00:00:41.58,-001,-000,00000,000.00,000.0,000.0
,,'00:00:41.59,-001,-000,00000,000.00,000.0,000.0
,,'00:00:41.60,-001,-000,00000,000.00,000.0,000.0
,,'00:00:41.61,-001,-000,00000,000.00,000.0,000.0
,,'00:00:41.62,-001,-000,00000,000.00,000.0,000.0
,,'00:00:41.63,-001,-000,00000,000.00,000.0,000.0
,,'00:00:41.64,-001,-000,00000,000.00,000.0,000.0
,,'00:00:41.65,-001,-000,00000,000.00,000.0,000.0
L008,'00:00:04.89,'00:00:41.66,-000,-000,00000,000.00,000.0,000.0
,,'00:00:41.67,-001,-000,00000,000.00,000.0,000.0
,,'00:00:41.68,-001,-000,00000,000.00,000.0,000.0
,,'00:00:41.69,-000,-000,00000,000.00,000.0,000.0
,,'00:00:41.70,-001,-000,00000,000.00,000.0,000.0
,,'00:00:41.71,-001,-000,00000,000.00,000.0,000.0
,,'00:00:41.72,-001,-000,00000,000.00,000.0,000.0
,,'00:00:41.73,-001,-000,00000,000.00,000.0,000.0
,,'00:00:41.74,-000,-000,00000,000.00,000.0,000.0
,,'00:00:41.75,-001,-000,00000,000.00,000.0,000.0
,,'00:00:41.76,-000,-000,00000,000.00,000.0,000.0
,,'00:00:41.77,-000,-000,00000,000.00,000.0,000.0
,,'00:00:41.78,-000,-000,00000,000.00,000.0,000.0
,,'00:00:41.79,-000,-000,00000,000.00,000.0,000.0
,,'00:00:41.80,-000,-000,00000,000.00,000.0,000.0
,,'00:00:41.81,-000,-000,00000,000.00,000.0,000.0
,,'00:00:41.82,-001,-000,00000,000.00,000.0,000.0
,,'00:00:41.83,-000,-000,00000,000.00,000.0,000.0
,,'00:00:41.84,-001,-000,00000,000.00,000.0,000.0
,,'00:00:41.85,-001,-000,00000,000.00,000.0,000.0
,,'00:00:41.86,-001,-000,00000,000.00,000.0,000.0
,,'00:00:41.87,-001,-000,00000,000.00,000.0,000.0
,,'00:00:41.88,-001,-000,00000,000.00,000.0,000.0
,,'00:00:41.89,-000,-000,00000,000.00,000.0,000.0
,,'00:00:41.90,-000,-000,00000,000.00,000.0,000.0
,,'00:00:41.91,-000,-000,00000,000.00,000.0,000.0
,,'00:00:41.92,-000,-000,00000,000.00,000.0,000.0
,,'00:00:41.93,-000,-000,00000,000.00,000.0,000.0
,,'00:00:41.94,-000,-000,00000,000.00,000.0,000.0
,,'00:00:41.95,-001,-000,00000,000.00,000.0,000.0
,,'00:00:41.96,-000,-000,00000,000.00,000.0,000.0
,,'00:00:41.97,-001,-000,00000,000.00,000.0,000.0
,,'00:00:41.98,-001,-000,00000,000.00,000.0,000.0
,,'00:00:41.99,-001,-000,00000,000.00,000.0,000.0
,,'00:00:42.00,-001,-000,00000,000.00,000.0,000.0
,,'00:00:42.01,-001,-000,00000,000.00,000.0,000.0
,,'00:00:42.02,-001,-000,00000,000.00,000.0,000.0
,,'00:00:42.03,-000,-000,00000,000.00,000.0,000.0
,,'00:00:42.04,-001,-000,00000,000.00,000.0,000.0
,,'00:00:42.05,-001,-000,00000,000.00,000.0,000.0
,,'00:00:42.06,-001,-000,00000,000.00,000.0,000.0
,,'00:00:42.07,-001,-000,00000,000.00,000.0,000.0
,,'00:00:42.08,-001,-000,00000,000.00,000.0,000.0
,,'00:00:42.09,-000,-000,00000,000.00,000.0,000.0
,,'00:00:42.10,-001,-000,00000,000.00,000.0,000.0
,,'00:00:42.11,-001,-000,00000,000.00,000.0,000.0
,,'00:00:42.12,-001,-000,00000,000.00,000.0,000.0
,,'00:00:42.13,-001,-000,00000,000.00,000.0,000.0
,,'00:00:42.14,-001,-000,00000,000.00,000.0,000.0
,,'00:00:42.15,-001,-000,00000,000.00,000.0,000.0
,,'00:00:42.16,-000,-000,00000,000.00,000.0,000.0
,,'00:00:42.17,-000,-000,00000,000.00,000.0,000.0
,,'00:00:42.18,-001,-000,00000,000.00,000.0,000.0
,,'00:00:42.19,-001,-000,00000,000.00,000.0,000.0
,,'00:00:42.20,-001,-000,00000,000.00,000.0,000.0
,,'00:00:42.21,-001,-000,00000,000.00,000.0,000.0
,,'00:00:42.22,-001,-000,00000,000.00,000.0,000.0
,,'00:00:42.23,-000,-000,00000,000.00,000.0,000.0
,,'00:00:42.24,-000,-000,00000,000.00,000.0,000.0
,,'00:00:42.25,-001,-000,00000,000.00,000.0,000.0
,,'00:00:42.26,-001,-000,00000,000.00,000.0,000.0
,,'00:00:42.27,-001,-000,00000,000.00,000.0,000.0
,,'00:00:42.28,-001,-000,00000,000.00,000.0,000.0
,,'00:00:42.29,-001,-000,00000,000.00,000.0,000.0
,,'00:00:42.30,-001,-000,00000,000.00,000.0,000.0
,,'00:00:42.31,-000,-000,00000,000.00,000.0,000.0
,,'00:00:42.32,-001,-000,00000,000.00,000.0,000.0
,,'00:00:42.33,-000,-000,00000,000.00,000.0,000.0
,,'00:00:42.34,-000,-000,00000,000.00,000.0,000.0
,,'00:00:42.35,-000,-000,00000,000.00,000.0,000.0
,,'00:00:42.36,-000,-000,00000,000.00,000.0,000.0
,,'00:00:42.37,-000,-000,00000,000.00,000.0,000.0
,,'00:00:42.38,-001,-000,00000,000.00,000.0,000.0
,,'00:00:42.39,-000,-000,00000,000.00,000.0,000.0
,,'00:00:42.40,-001,-000,00000,000.00,000.0,000.0
,,'00:00:42.41,-001,-000,00000,000.00,000.0,000.0
,,'00:00:42.42,-001,-000,00000,000.00,000.0,000.0
,,'00:00:42.43,-001,-000,00000,000.00,000.0,000.0
,,'00:00:42.44,-000,-000,00000,000.00,000.0,000.0
,,'00:00:42.45,-000,-000,00000,000.00,000.0,000.0
,,'00:00:42.46,-001,-000,00000,000.00,000.0,000.0
,,'00:00:42.47,-001,-000,00000,000.00,000.0,000.0
,,'00:00:42.48,-001,-000,00000,000.00,000.0,000.0
,,'00:00:42.49,-001,-000,00000,000.00,000.0,000.0
,,'00:00:42.50,-001,-000,00000,000.00,000.0,000.0
,,'00:00:42.51,-000,-000,00000,000.00,000.0,000.0
,,'00:00:42.52,-000,-000,00000,000.00,000.0,000.0
,,'00:00:42.53,-000,-000,00000,000.00,000.0,000.0
,,'00:00:42.54,-000,-000,00000,000.00,000.0,000.0
,,'00:00:42.55,-000,-000,00000,000.00,000.0,000.0
,,'00:00:42.56,-000,-000,00000,000.00,000.0,000.0
,,'00:00:42.57,-000,-000,00000,000.00,000.0,000.0
,,'00:00:42.58,-000,-000,00000,000.00,000.0,000.0
,,'00:00:42.59,-000,-000,00000,000.00,000.0,000.0
,,'00:00:42.60,-001,-000,00000,000.00,000.0,000.0
,,'00:00:42.61,-001,-000,00000,000.00,000.0,000.0
